"";"Users";"Status";"TotalWordCount"
"1";"Tarquin";"User";135
"2353";"Page";"Page";0
"2";"Mac";"User";5
"3";"Olivier";"Admin";2
"4";"Kku";"User";14
"5";"Karada";"User";1
"6";"Morwen";"Admin";2
"7";"Nikai";"User";1
"8";"Bryan Derksen";"User";1
"9";"Ta bu shi da yu";"User";3
"10";"Varitek";"User";2
"11";"Nickshanks";"User";3
"12";"205.213.111.50";"Anon";0
"13";"81.241.222.188";"Anon";1
"14";"Evercat";"Admin";0
"15";"Mudshark";"User";30
"16";"Norm";"User";115
"17";"Lexie67";"User";3
"18";"Theresa knott";"User";0
"19";"68.254.162.48";"Anon";1
"20";"82.159.136.1";"Anon";4
"21";"SimonP";"Admin";0
"22";"206.223.200.130";"Anon";0
"23";"NeonGeniuses";"User";164
"24";"69.108.87.160";"Anon";8
"25";"203.36.44.15";"Anon";0
"26";"203.36.44.16";"Anon";0
"27";"Brian0918";"User";2
"28";"170.177.41.11";"Anon";5
"29";"Kbdank71";"Admin";0
"30";"Csnewton";"User";13
"31";"FlaBot";"User";1
"32";"209.175.13.45";"Anon";9
"33";"Xezbeth";"Admin";0
"34";"66.30.40.193";"Anon";1
"35";"Bighead";"User";0
"36";"NickF";"User";1
"37";"Salsb";"User";0
"38";"Seabhcan";"User";13
"39";"203.63.234.130";"Anon";5
"40";"Func";"User";0
"41";"Wavelength";"User";36
"42";"211.26.27.70";"Anon";1
"43";"Zwobot";"User";3
"44";"Repayne";"User";3
"45";"Giftlite";"User";24
"46";"150.101.171.230";"Anon";0
"47";"68.19.117.254";"Anon";10
"48";"202.156.6.61";"Anon";24
"49";"208.59.168.237";"Anon";15
"50";"66.82.9.49";"Anon";1
"51";"24.173.144.11";"Anon";0
"52";"Wayward";"User";0
"53";"Tbone";"User";1
"54";"Saperaud~enwiki";"User";2
"55";"208.62.221.62";"Anon";1
"56";"85.57.162.113";"Anon";4
"57";"208.59.175.65";"Anon";6
"58";"69.81.72.236";"Anon";0
"59";"194.52.74.9";"Anon";1
"60";"Dan100";"User";0
"61";"83.25.81.130";"Anon";5
"62";"165.155.128.134";"Anon";14
"63";"203.199.202.97";"Anon";3
"64";"71.141.2.90";"Anon";1
"65";"168.184.221.251";"Anon";7
"66";"Bhadani";"User";0
"67";"70.48.31.218";"Anon";0
"68";"Znixon";"User";357
"69";"142.59.93.16";"Anon";11
"70";"Adashiel";"User";0
"71";"CharlesDexterWard";"User";5
"72";"65.92.55.124";"Anon";19
"73";"Peter";"User";0
"74";"70.27.68.31";"Anon";2
"75";"Bluemoose";"User";0
"76";"72.228.111.48";"Anon";1
"77";"64.69.117.65";"Anon";20
"78";"Viriditas";"User";0
"79";"199.216.41.251";"Anon";6
"80";"Sceptre";"User";0
"81";"Bobdoe";"User";1
"82";"128.138.94.56";"Anon";0
"83";"71.31.57.125";"Anon";10
"84";"Nakon";"User";0
"85";"Fetofs";"User";0
"86";"64.33.165.94";"Anon";1
"87";"24.241.234.145";"Anon";0
"88";"Rtdrury";"User";19
"89";"71.145.193.113";"Anon";3
"90";"DabMachine";"User";2
"91";"Ahoerstemeier";"Admin";2
"92";"64.251.49.74";"Anon";4
"93";"Tom harrison";"User";0
"94";"205.213.111.54";"Anon";1
"95";"Mstroeck";"User";5
"96";"Ruyn";"User";0
"97";"YipYip";"User";7
"98";"Johnleemk";"Admin";0
"99";"Chadlupkes";"User";7
"100";"86.217.250.118";"Anon";10
"101";"80.249.52.136";"Anon";61
"102";"JimR";"User";0
"103";"12.166.222.37";"Anon";6
"104";"Discospinster";"Admin";0
"105";"68.212.38.13";"Anon";13
"106";"RexNL";"User";0
"107";"80.249.49.5";"Anon";17
"108";"Politepunk";"User";0
"109";"Tawkerbot2";"User";0
"110";"Mjpieters";"User";0
"111";"Gbinal";"User";2
"112";"61.95.85.50";"Anon";15
"113";"Alethiophile";"User";7
"114";"216.171.246.30";"Anon";30
"115";"Ian13";"User";0
"116";"137.205.113.156";"Anon";0
"117";"128.128.15.2";"Anon";14
"118";"67.106.122.131";"Anon";1
"119";"Darkfred";"User";0
"120";"86.29.245.71";"Anon";20
"121";"159.247.237.207";"Anon";53
"122";"Antandrus";"Admin";0
"123";"Spliffy";"User";0
"124";"198.110.104.209";"Anon";4
"125";"Rxnd";"User";1
"126";"68.219.166.153";"Anon";0
"127";"72.236.252.146";"Anon";1
"128";"Eskimbot";"User";1
"129";"72.38.128.17";"Anon";18
"130";"220.239.192.20";"Anon";4
"131";"218.215.66.60";"Anon";3
"132";"71.32.63.241";"Anon";0
"133";"218.215.66.206";"Anon";3
"134";"Omicronpersei8";"User";0
"135";"68.14.95.139";"Anon";4
"136";"InShaneee";"Admin";0
"137";"64.164.28.5";"Anon";3
"138";"Xiong Chiamiov";"User";0
"139";"38.139.36.141";"Anon";6
"140";"Wiki alf";"User";0
"141";"65.70.202.70";"Anon";1
"142";"69.51.77.162";"Anon";3
"143";"Frymaster";"User";0
"144";"68.73.4.110";"Anon";1
"145";"142.227.251.9";"Anon";151
"146";"Travelbird";"User";155
"147";"Rich Farmbrough";"User";55
"148";"24.232.48.242";"Anon";2
"149";"Bill Slawski";"User";5
"150";"Damien o'connell";"User";75
"151";"212.159.20.201";"Anon";1
"152";"210.8.110.35";"Anon";17
"153";"Tapir Terrific";"User";0
"154";"CQJ";"User";0
"155";"SWAdair";"User";0
"156";"61.9.221.206";"Anon";13
"157";"Tawkerbot4";"User";0
"158";"138.130.49.46";"Anon";7
"159";"211.27.158.182";"Anon";5
"160";"Planetary";"User";5
"161";"Myfanwy";"User";6
"162";"200.126.175.65";"Anon";33
"163";"Ixfd64";"Admin";0
"164";"66.2.156.23";"Anon";8
"165";"166.121.36.8";"Anon";0
"166";"Dybryd";"User";5
"167";"220.237.15.198";"Anon";1
"168";"J Di";"User";0
"169";"Joseph Solis in Australia";"User";4
"170";"207.30.145.6";"Anon";3
"171";"203.206.242.180";"Anon";5
"172";"ALoopingIcon";"User";0
"173";"203.49.205.251";"Anon";4
"174";"S0uj1r0";"User";0
"175";"203.158.39.182";"Anon";5
"176";"24.128.233.167";"Anon";8
"177";"86.212.44.211";"Anon";179
"178";"Cadillacregan";"User";189
"179";"AKGhetto";"User";0
"180";"207.63.186.16";"Anon";1
"181";"NawlinWiki";"Admin";0
"182";"195.93.21.5";"Anon";7
"183";"Rossarbeer";"User";0
"184";"Gene Nygaard";"User";12
"185";"194.82.200.41";"Anon";1
"186";"66.99.101.226";"Anon";14
"187";"AntiVandalBot";"User";0
"188";"70.226.216.204";"Anon";141
"189";"Jim Douglas";"User";436
"190";"195.224.86.18";"Anon";1
"191";"59.92.73.97";"Anon";26
"192";"71.192.48.142";"Anon";1
"193";"66.81.149.7";"Anon";3
"194";"ArglebargleIV";"User";0
"195";"144.132.59.127";"Anon";0
"196";"204.14.12.196";"Anon";12
"197";"209.6.134.80";"Anon";0
"198";"210.84.19.157";"Anon";2
"199";"219.75.111.203";"Anon";2
"200";"208.96.75.96";"Anon";14
"201";"Rubenwikipedia";"User";4
"202";"154.20.113.149";"Anon";2
"203";"212.47.73.50";"Anon";36
"204";"Can't sleep, clown will eat me";"User";0
"205";"203.59.15.134";"Anon";4
"206";"217.23.167.59";"Anon";1
"207";"143.254.39.128";"Anon";3
"208";"143.254.39.17";"Anon";15
"209";"72.1.206.17";"Anon";10
"210";"149.99.169.129";"Anon";4
"211";"58.179.133.8";"Anon";1
"212";"Meodudlye";"User";1
"213";"84.9.179.97";"Anon";16
"214";"24.235.243.3";"Anon";3
"215";"209.204.119.102";"Anon";15
"216";"Krellis";"User";0
"217";"72.10.100.204";"Anon";1
"218";"67.52.70.242";"Anon";135
"219";"69.158.176.145";"Anon";0
"220";"68.50.149.35";"Anon";0
"221";"209.158.182.137";"Anon";1
"222";"The Rambling Man";"User";0
"223";"195.92.168.164";"Anon";3
"224";"72.66.28.200";"Anon";0
"225";"82.227.48.155";"Anon";2
"226";"168.216.234.229";"Anon";2
"227";"168.216.234.81";"Anon";3
"228";"86.2.219.38";"Anon";4
"229";"Patrick Neylan";"User";203
"230";"168.216.167.133";"Anon";4
"231";"Nwwaew";"User";0
"232";"216.120.186.2";"Anon";9
"233";"CmdrObot";"Bot";0
"234";"193.45.226.19";"Anon";0
"235";"74.116.128.10";"Anon";4
"236";"69.106.186.140";"Anon";3
"237";"62.6.250.109";"Anon";22
"238";"24.16.84.73";"Anon";5
"239";"124.106.196.163";"Anon";1
"240";"66.176.112.141";"Anon";9
"241";"Rettetast";"User";0
"242";"Anthony Appleyard";"User";8
"243";"204.218.240.92";"Anon";7
"244";"142.227.157.1";"Anon";2
"245";"Almadenbuff";"User";52
"246";"Censol";"User";40
"247";"192.114.190.18";"Anon";1
"248";"Highcount";"User";0
"249";"Templationist";"User";2
"250";"24.20.231.16";"Anon";33
"251";"Prgrmr@wrk";"User";1
"252";"Tomtefarbror";"User";213
"253";"202.175.243.150";"Anon";0
"254";"64.72.180.129";"Anon";7
"255";"142.163.229.142";"Anon";3
"256";"Alphachimp";"Admin";0
"257";"207.248.249.114";"Anon";3
"258";"Wizardman";"Admin";0
"259";"Edge2001";"User";9
"260";"69.247.108.179";"Anon";4
"261";"68.46.79.222";"Anon";12
"262";"216.56.81.195";"Anon";2
"263";"66.18.214.108";"Anon";0
"264";"68.248.234.221";"Anon";0
"265";"TeaDrinker";"Admin";0
"266";"199.216.188.3";"Anon";15
"267";"Lucas j barker";"User";5
"268";"Gogo Dodo";"User";0
"269";"68.43.144.240";"Anon";6
"270";"AndriusG";"User";0
"271";"61.88.131.146";"Anon";5
"272";"Luk";"Admin";0
"273";"205.202.240.98";"Anon";39
"274";"(jarbarf)";"User";0
"275";"AuburnPilot";"Admin";0
"276";"204.113.146.231";"Anon";14
"277";"74.108.5.177";"Anon";6
"278";"68.15.158.162";"Anon";47
"279";"Cyrus Andiron";"User";0
"280";"DSRH";"User";270
"281";"203.94.143.9";"Anon";2
"282";"TRosenbaum";"User";0
"283";"72.10.98.195";"Anon";27
"284";"24.20.231.20";"Anon";1
"285";"Harksaw";"User";0
"286";"195.229.242.86";"Anon";2
"287";"Joshlim";"User";1
"288";"80.77.246.146";"Anon";13
"289";"Milkyface";"User";0
"290";"Ewulp";"User";52
"291";"75.85.93.93";"Anon";1
"292";"71.134.207.199";"Anon";0
"293";"198.53.173.32";"Anon";2
"294";"220.233.23.188";"Anon";4
"295";"Dureo";"User";0
"296";"24.71.48.252";"Anon";10
"297";"207.63.116.241";"Anon";5
"298";"Danski14";"User";0
"299";"Davidkhill";"User";5
"300";"75.10.223.29";"Anon";1
"301";"207.63.113.98";"Anon";20
"302";"Gtg204y";"User";0
"303";"Willow177";"User";0
"304";"Tatortitz";"User";3
"305";"Drappel";"User";0
"306";"71.163.70.213";"Anon";9
"307";"69.104.143.63";"Anon";0
"308";"Bbatsell";"Admin";0
"309";"Princess Fatima";"User";28
"310";"HarryHenryGebel";"User";0
"311";"Jpg";"User";1
"312";"82.46.103.188";"Anon";2
"313";"72.65.25.114";"Anon";1
"314";"Opelio";"User";6
"315";"71.7.23.85";"Anon";22
"316";"138.9.13.187";"Anon";0
"317";"P199";"User";9
"318";"68.196.251.176";"Anon";0
"319";"Xiahou";"User";0
"320";"58.152.207.126";"Anon";89
"321";"Phil Polychaete";"User";128
"322";"216.124.227.67";"Anon";10
"323";"24.231.63.241";"Anon";3
"324";"142.179.36.161";"Anon";52
"325";"LOL";"User";2
"326";"70.71.248.23";"Anon";1
"327";"D. Recorder";"User";6
"328";"204.107.82.83";"Anon";4
"329";"70.248.106.197";"Anon";7
"330";"Rory096";"User";0
"331";"Crudlique";"User";8
"332";"...adam...";"User";0
"333";"Skapur";"User";290
"334";"67.160.56.221";"Anon";6
"335";"Yksin";"User";0
"336";"Raven4x4x";"User";0
"337";"Plazak";"User";11
"338";"64.135.223.43";"Anon";8
"339";"MartinBot";"User";0
"340";"67.53.75.44";"Anon";1
"341";"Ohnoitsjamie";"Admin";0
"342";"207.73.33.1";"Anon";4
"343";"207.225.249.48";"Anon";12
"344";"70.252.88.74";"Anon";0
"345";"24.138.22.95";"Anon";8
"346";"Lokal Profil";"User";1
"347";"24.69.70.201";"Anon";15
"348";"BlooxEinjeru";"User";30
"349";"70.60.28.226";"Anon";2
"350";"165.155.208.148";"Anon";3
"351";"74.121.64.175";"Anon";10
"352";"74.99.187.4";"Anon";1
"353";"209.10.59.204";"Anon";2
"354";"206.82.19.214";"Anon";1
"355";"Drunkenmonkey";"User";0
"356";"206.82.18.146";"Anon";13
"357";"206.82.22.245";"Anon";1
"358";"Stemonitis";"Admin";0
"359";"Haukurth";"Admin";0
"360";"Bonebuster";"User";52
"361";"(aeropagitica)";"Admin";0
"362";"68.82.171.238";"Anon";288
"363";"Gwernol";"User";63
"364";"Lanky";"User";0
"365";"Hdt83";"User";0
"366";"164.116.12.86";"Anon";8
"367";"164.116.12.35";"Anon";55
"368";"164.116.13.178";"Anon";0
"369";"164.116.12.132";"Anon";2
"370";"206.82.21.136";"Anon";3
"371";"Bobmaster123";"User";13
"372";"206.82.19.101";"Anon";0
"373";"206.82.23.243";"Anon";1
"374";"Deor";"Admin";0
"375";"206.82.18.142";"Anon";1
"376";"123nec";"User";41
"377";"Greswik";"User";0
"378";"Edgarde";"User";0
"379";"VoABot II";"User";0
"380";"Accu700";"User";10
"381";"Retiono Virginian";"User";0
"382";"Accu20";"User";3
"383";"74.100.205.220";"Anon";0
"384";"129.37.153.107";"Anon";19
"385";"PureRED";"User";0
"386";"210.18.198.58";"Anon";0
"387";"68.185.96.14";"Anon";7
"388";"DerHexer";"Admin";0
"389";"65.0.223.88";"Anon";31
"390";"209.6.162.130";"Anon";29
"391";"Steven Weston";"User";0
"392";"68.39.249.125";"Anon";10
"393";"76.29.82.209";"Anon";5
"394";"Katalaveno";"User";0
"395";"216.162.91.131";"Anon";16
"396";"24.30.88.9";"Anon";50
"397";"Yamamoto Ichiro";"User";0
"398";"80.216.237.96";"Anon";1
"399";"90.192.242.19";"Anon";1
"400";"202.58.183.202";"Anon";0
"401";"Jossi";"User";0
"402";"Optakeover";"User";1
"403";"74.92.20.5";"Anon";3
"404";"Kibblesnbits";"User";114
"405";"132.177.158.146";"Anon";118
"406";"81.105.97.8";"Anon";28
"407";"71.167.186.87";"Anon";0
"408";"69.86.92.192";"Anon";1
"409";"86.150.76.178";"Anon";0
"410";"Codeine";"User";0
"411";"Vald";"User";0
"412";"69.145.205.88";"Anon";3
"413";"68.1.108.140";"Anon";0
"414";"65.254.4.129";"Anon";19
"415";"Xcentaur";"User";0
"416";"69.157.7.199";"Anon";10
"417";"202.43.226.11";"Anon";28
"418";"80.200.246.35";"Anon";3
"419";"123321123321123321t";"User";2
"420";"Oil Treatment International";"User";21
"421";"Duran";"User";0
"422";"Nec123";"User";25
"423";"OAC";"User";0
"424";"69.251.254.140";"Anon";8
"425";"206.82.18.222";"Anon";0
"426";"24.141.208.45";"Anon";124
"427";"Caltas";"User";0
"428";"72.224.7.158";"Anon";1
"429";"68.151.200.53";"Anon";0
"430";"142.33.234.71";"Anon";19
"431";"Katieh5584";"User";0
"432";"219.110.205.40";"Anon";1
"433";"Padgadfgad";"User";14
"434";"Gracenotes";"User";0
"435";"68.40.239.99";"Anon";335
"436";"Longhair";"Admin";0
"437";"142.31.147.2";"Anon";5
"438";"Killjoy966";"User";0
"439";"SmackBot";"User";80
"440";"Soccer93";"User";3
"441";"Bob f it";"User";0
"442";"Javit";"User";0
"443";"58.174.80.64";"Anon";2
"444";"69.144.232.61";"Anon";0
"445";"211.31.35.209";"Anon";20
"446";"72.27.10.206";"Anon";7
"447";"La Parka Your Car";"User";1
"448";"Speedoflight";"User";20
"449";"203.122.98.112";"Anon";5
"450";"69.138.245.9";"Anon";2
"451";"216.185.84.246";"Anon";2
"452";"Insanity Incarnate";"User";0
"453";"67.168.131.64";"Anon";20
"454";"208.42.164.249";"Anon";6
"455";"Encyclopædius";"User";2
"456";"134.246.137.150";"Anon";16
"457";"169.244.83.99";"Anon";9
"458";"Danelo";"User";0
"459";"222.127.193.27";"Anon";2
"460";"Gscshoyru";"User";0
"461";"124.183.204.92";"Anon";2
"462";"K12worker";"User";178
"463";"81.149.88.146";"Anon";2
"464";"Xdenizen";"User";0
"465";"58.170.208.212";"Anon";4
"466";"Skysmith";"User";0
"467";"Lightmouse";"User";17
"468";"Phi*n!x";"User";3
"469";"87.201.177.103";"Anon";790
"470";"68.45.11.99";"Anon";0
"471";"128.187.0.164";"Anon";6
"472";"124.185.193.207";"Anon";1
"473";"SebastianHelm";"Admin";82
"474";"203.152.105.123";"Anon";11
"475";"Acroterion";"Admin";0
"476";"203.87.12.26";"Anon";21
"477";"76.208.196.2";"Anon";0
"478";"Blood Red Sandman";"User";0
"479";"Rowan747";"User";30
"480";"222.154.178.99";"Anon";3
"481";"RainbowOfLight";"User";0
"482";"58.109.115.161";"Anon";0
"483";"144.139.29.16";"Anon";1
"484";"59.92.243.109";"Anon";0
"485";"71.232.92.206";"Anon";2
"486";"ClueBot";"User";0
"487";"69.132.154.87";"Anon";1
"488";"Bubbles28";"User";27
"489";"203.173.161.146";"Anon";1
"490";"142.227.237.253";"Anon";14
"491";"69.125.195.247";"Anon";1
"492";"64.235.101.131";"Anon";23
"493";"RobertG";"Admin";0
"494";"134.246.137.54";"Anon";12
"495";"Orbst";"User";1
"496";"Robinstocks";"User";2
"497";"Morwinyon";"User";2
"498";"Thijs!bot";"User";1
"499";"63.175.153.226";"Anon";22
"500";"208.66.198.174";"Anon";0
"501";"219.74.134.143";"Anon";1
"502";"207.236.174.130";"Anon";6
"503";"KnowledgeOfSelf";"User";0
"504";"72.39.10.130";"Anon";6
"505";"Dawn Bard";"User";0
"506";"76.122.1.52";"Anon";8
"507";"Prolog";"Admin";0
"508";"69.117.200.206";"Anon";35
"509";"75.68.119.44";"Anon";25
"510";"168.11.211.217";"Anon";2
"511";"Rjd0060";"User";1
"512";"Pustelnik";"User";2
"513";"202.59.23.133";"Anon";15
"514";"76.81.185.114";"Anon";15
"515";"216.28.204.163";"Anon";0
"516";"24.86.68.151";"Anon";0
"517";"86.146.12.180";"Anon";2
"518";"Thehowitzer";"User";36
"519";"167.128.170.111";"Anon";6
"520";"CounterVandalismBot";"User";0
"521";"66.165.208.206";"Anon";1
"522";"Xenonice";"User";17
"523";"DanniellaWB";"User";0
"524";"79.179.183.166";"Anon";1
"525";"81.157.40.35";"Anon";1
"526";"165.228.162.187";"Anon";12
"527";"151.198.212.250";"Anon";4
"528";"81.79.92.16";"Anon";0
"529";"Chmyr";"User";17
"530";"70.7.83.142";"Anon";3
"531";"71.222.240.120";"Anon";2
"532";"Xocasgv~enwiki";"User";5
"533";"76.102.120.119";"Anon";112
"534";"170.158.82.53";"Anon";0
"535";"216.170.202.20";"Anon";4
"536";"72.179.36.157";"Anon";2
"537";"99.238.28.177";"Anon";0
"538";"212.115.199.28";"Anon";3
"539";"70.73.104.42";"Anon";1
"540";"Jeepday";"Admin";1
"541";"Fredwerner";"User";19
"542";"71.174.168.207";"Anon";20
"543";"Illnab1024";"User";0
"544";"Mugunth Kumar";"User";12
"545";"HisSpaceResearch";"User";0
"546";"Halogenated";"User";48
"547";"67.163.198.154";"Anon";2
"548";"Tuandoan";"User";1
"549";"203.241.147.32";"Anon";19
"550";"Brianga";"Admin";0
"551";"Environnement2100";"User";5
"552";"83.17.51.250";"Anon";12
"553";"76.230.129.250";"Anon";32
"554";"Chrishmt0423";"User";101
"555";"Ebaksa";"User";13
"556";"216.125.50.41";"Anon";5
"557";"Incantation";"User";4
"558";"NJGW";"User";12
"559";"Onceonthisisland";"User";4
"560";"Jkl";"User";1
"561";"NeilTarrant";"User";12
"562";"165.234.184.39";"Anon";4
"563";"82.239.68.102";"Anon";28
"564";"24.61.195.172";"Anon";74
"565";"154.20.147.112";"Anon";10
"566";"Falconus";"User";0
"567";"86.62.24.158";"Anon";1
"568";"RenniePet";"User";0
"569";"59.93.243.187";"Anon";0
"570";"Esanchez7587";"User";0
"571";"Scientizzle";"User";0
"572";"Chobot";"Bot";2
"573";"204.169.5.20";"Anon";2
"574";"John254";"User";0
"575";"Sjyoo96";"User";3
"576";"Crash8552000";"User";2
"577";"67.169.98.50";"Anon";10
"578";"66.244.215.212";"Anon";24
"579";"Barneca";"User";0
"580";"Allstarecho";"User";0
"581";"Snowolf";"Admin";0
"582";"Mopenv";"User";7
"583";"Nikegirl101";"User";3
"584";"213.42.21.62";"Anon";14
"585";"143.254.191.162";"Anon";6
"586";"72.83.227.241";"Anon";20
"587";"141.149.128.200";"Anon";19
"588";"Noctibus";"User";0
"589";"64.231.84.182";"Anon";1
"590";"99.204.127.152";"Anon";4
"591";"J.delanoy";"User";0
"592";"Rebell18190";"User";9
"593";"69.134.243.2";"Anon";15
"594";"Jons63";"User";0
"595";"142.33.130.118";"Anon";1
"596";"72.215.13.246";"Anon";4
"597";"Keilana";"Admin";0
"598";"Alan Liefting";"User";18
"599";"209.94.170.126";"Anon";1
"600";"Qwfp";"User";0
"601";"Athrun Atreides";"User";1
"602";"203.117.66.237";"Anon";6
"603";"59.182.21.42";"Anon";1
"604";"24.115.49.66";"Anon";0
"605";"Halgin";"User";9
"606";"Pgan002";"User";155
"607";"71.254.144.232";"Anon";21
"608";"Shalom Yechiel";"User";0
"609";"219.90.174.87";"Anon";9
"610";"Superbeecat";"User";0
"611";"58.165.235.43";"Anon";35
"612";"Vivio Testarossa";"User";0
"613";"69.206.168.92";"Anon";14
"614";"21655";"User";0
"615";"From-cary";"User";0
"616";"63.114.228.2";"Anon";359
"617";"164.92.211.68";"Anon";1
"618";"164.92.211.67";"Anon";1
"619";"Hqb";"User";0
"620";"96.240.56.208";"Anon";2
"621";"Meeples";"User";0
"622";"199.60.36.133";"Anon";22
"623";"Waggers";"Admin";18
"624";"122.106.158.163";"Anon";5
"625";"58.107.146.163";"Anon";1
"626";"MER-C";"Admin";0
"627";"124.184.244.90";"Anon";2
"628";"76.181.211.193";"Anon";1
"629";"216.123.181.250";"Anon";0
"630";"65.93.2.51";"Anon";1
"631";"124.82.110.181";"Anon";3
"632";"208.81.93.165";"Anon";1
"633";"DumZiBoT";"User";9
"634";"207.28.143.8";"Anon";50
"635";"Spellcast";"Admin";0
"636";"76.20.104.42";"Anon";1
"637";"Dgw";"User";0
"638";"207.245.115.26";"Anon";16
"639";"Tiddly Tom";"User";0
"640";"65.120.43.242";"Anon";4
"641";"Maclean25";"User";0
"642";"Vernk";"User";5
"643";"Geologyguy";"User";0
"644";"Mathewignash";"User";17
"645";"76.183.186.44";"Anon";8
"646";"67.79.107.102";"Anon";9
"647";"189.140.9.35";"Anon";1
"648";"212.50.168.7";"Anon";6
"649";"28421u2232nfenfcenc";"User";0
"650";"121.210.113.34";"Anon";1
"651";"Monster133";"User";2
"652";"Loren.wilton";"User";0
"653";"204.9.147.238";"Anon";2
"654";"89.208.18.44";"Anon";11
"655";"70.91.241.121";"Anon";1
"656";"70.78.192.163";"Anon";0
"657";"203.26.38.39";"Anon";2
"658";"Kukini";"User";0
"659";"207.136.100.90";"Anon";0
"660";"Kksinter";"User";4
"661";"Vsmith";"Admin";181
"662";"Edwinseah";"User";26
"663";"71.85.112.84";"Anon";6
"664";"24.14.93.13";"Anon";1
"665";"OverlordQ";"Admin";0
"666";"99.228.157.241";"Anon";0
"667";"65.254.15.50";"Anon";6
"668";"S3000";"User";0
"669";"196.38.218.24";"Anon";0
"670";"72.39.55.171";"Anon";39
"671";"Baa";"User";0
"672";"75.90.38.228";"Anon";1
"673";"84.90.100.104";"Anon";0
"674";"199.219.144.52";"Anon";19
"675";"Imperial Star Destroyer";"User";6
"676";"CanadianLinuxUser";"User";0
"677";"Isaac";"User";1
"678";"66.103.49.126";"Anon";9
"679";"24.138.140.49";"Anon";3
"680";"209.183.34.45";"Anon";29
"681";"King of Hearts";"User";0
"682";"125.236.207.4";"Anon";0
"683";"Catgut";"User";0
"684";"67.163.13.109";"Anon";0
"685";"76.98.155.77";"Anon";13
"686";"Epbr123";"Admin";0
"687";"71.167.89.153";"Anon";60
"688";"XLinkBot";"User";0
"689";"Zurukea";"User";2
"690";"Truefreedo";"User";5
"691";"Korg";"User";0
"692";"65.182.76.130";"Anon";11
"693";"Persian Poet Gal";"User";0
"694";"142.227.215.129";"Anon";4
"695";"Tombomp";"User";0
"696";"JCDenton2052";"User";1
"697";"85.178.199.83";"Anon";3
"698";"207.213.213.130";"Anon";1
"699";"D";"User";0
"700";"202.7.166.180";"Anon";23
"701";"CapitalR";"Admin";0
"702";"75.147.14.241";"Anon";1
"703";"K12kk45kk53";"User";37
"704";"Fuzheado";"Admin";0
"705";"122.109.113.225";"Anon";0
"706";"Mojska";"User";0
"707";"86.132.191.238";"Anon";25
"708";"Introductory adverb clause";"User";0
"709";"78.32.124.218";"Anon";7
"710";"200.60.82.76";"Anon";14
"711";"Aitias";"User";1
"712";"212.85.2.249";"Anon";8
"713";".Koen";"User";0
"714";"TXiKiBoT";"User";4
"715";"81.103.143.237";"Anon";1
"716";"Pseudomonas";"User";0
"717";"Tpb";"User";1
"718";"207.157.168.138";"Anon";1
"719";"207.157.168.139";"Anon";10
"720";"SEWilco";"User";0
"721";"207.157.168.146";"Anon";12
"722";"Natl1";"User";0
"723";"70.79.219.32";"Anon";6
"724";"Sephiroth BCR";"User";0
"725";"DAJF";"User";3
"726";"124.180.44.123";"Anon";7
"727";"Closedmouth";"Admin";0
"728";"Glenn";"User";1
"729";"59.161.129.193";"Anon";3
"730";"Squaretex";"User";0
"731";"Cgingold";"User";2
"732";"124.217.11.243";"Anon";0
"733";"165.139.72.5";"Anon";12
"734";"Howcheng";"Admin";15
"735";"66.225.162.217";"Anon";8
"736";"Philly jawn";"User";88
"737";"140.185.188.142";"Anon";1
"738";"212.219.204.110";"Anon";120
"739";"Piano non troppo";"User";1
"740";"Techman224";"User";0
"741";"Joliv22";"User";13
"742";"Nsaa";"User";0
"743";"StaticGull";"User";0
"744";"207.255.8.195";"Anon";26
"745";"Thingg";"User";0
"746";"71.164.252.187";"Anon";10
"747";"67.233.214.11";"Anon";5
"748";"68.110.203.201";"Anon";2
"749";"74.180.49.85";"Anon";9
"750";"Eeekster";"User";0
"751";"71.229.166.85";"Anon";2
"752";"Pseade";"User";9
"753";"129.241.234.126";"Anon";8
"754";"74.12.46.169";"Anon";3
"755";"Plasticup";"User";6
"756";"12.206.171.209";"Anon";7
"757";"38.109.28.125";"Anon";13
"758";"Bobo192";"Admin";0
"759";"81.159.235.76";"Anon";1
"760";"Neurolysis";"User";0
"761";"205.211.54.10";"Anon";1
"762";"RussBot";"Bot";5
"763";"24.44.80.96";"Anon";1
"764";"Hockeykidd";"User";0
"765";"Ale jrb";"User";0
"766";"71.105.63.223";"Anon";4
"767";"Matthew Yeager";"User";0
"768";"90.205.68.100";"Anon";10
"769";"129.82.74.245";"Anon";1
"770";"66.133.192.97";"Anon";31
"771";"Maxis ftw";"User";0
"772";"75.62.148.171";"Anon";3
"773";"134.83.1.234";"Anon";0
"774";"59.182.132.198";"Anon";34
"775";"Hikili";"User";28
"776";"216.23.242.98";"Anon";0
"777";"Mygerardromance";"User";0
"778";"207.74.27.2";"Anon";0
"779";"Roochieboy";"User";19
"780";"GB fan";"User";0
"781";"203.153.238.189";"Anon";11
"782";"194.66.199.250";"Anon";2
"783";"207.103.14.62";"Anon";0
"784";"Capricorn42";"User";0
"785";"86.152.44.228";"Anon";3
"786";"Oneiros";"User";2
"787";"98.163.0.183";"Anon";57
"788";"IW.HG";"User";0
"789";"Sam1dotdot";"User";2
"790";"149.169.106.233";"Anon";1
"791";"67.79.106.240";"Anon";0
"792";"Rtyq2";"User";0
"793";"204.81.107.184";"Anon";31
"794";"209.91.143.66";"Anon";6
"795";"204.81.107.89";"Anon";7
"796";"67.180.39.55";"Anon";1
"797";"86.139.63.155";"Anon";1
"798";"71.196.236.176";"Anon";5
"799";"67.180.243.139";"Anon";141
"800";"Killiondude";"Admin";0
"801";"Umbertoumm";"User";29
"802";"67.189.16.200";"Anon";58
"803";"74.214.141.38";"Anon";7
"804";"Springnuts";"User";0
"805";"Silvia879";"User";40
"806";"74.236.58.231";"Anon";1
"807";"Minkypinky8";"User";19
"808";"24.76.60.217";"Anon";4
"809";"Tennesseefan67";"User";71
"810";"96.237.171.253";"Anon";3
"811";"Alansohn";"User";0
"812";"167.128.58.127";"Anon";4
"813";"24.21.157.148";"Anon";8
"814";"167.128.58.142";"Anon";5
"815";"167.128.58.150";"Anon";1
"816";"98.150.49.100";"Anon";4
"817";"99.229.103.163";"Anon";3
"818";"Call me Bubba";"User";0
"819";"68.199.103.125";"Anon";0
"820";"98.202.143.214";"Anon";5
"821";"142.31.214.20";"Anon";4
"822";"96.242.186.240";"Anon";2
"823";"HexaChord";"User";0
"824";"96.230.227.122";"Anon";3
"825";"75.45.170.84";"Anon";2
"826";"200.125.144.242";"Anon";1
"827";"69.249.85.189";"Anon";30
"828";"75.118.227.130";"Anon";15
"829";"ZX81";"User";0
"830";"96.229.195.20";"Anon";6
"831";"168.8.212.70";"Anon";36
"832";"Daniele Pugliesi";"User";2
"833";"216.47.187.170";"Anon";4
"834";"220.117.157.173";"Anon";1
"835";"Manman523";"User";6
"836";"Samuel Wiki";"User";7
"837";"96.245.38.179";"Anon";3
"838";"99.238.135.165";"Anon";2
"839";"61.217.224.7";"Anon";10
"840";"THEN WHO WAS PHONE?";"User";0
"841";"Frozenjangofett";"User";1
"842";"216.64.230.84";"Anon";2
"843";"Marek69";"User";0
"844";"58.174.203.130";"Anon";0
"845";"212.43.9.1";"Anon";0
"846";"218.214.78.113";"Anon";19
"847";"58.110.87.221";"Anon";40
"848";"142.33.188.2";"Anon";16
"849";"Decltype";"Admin";0
"850";"Tempshill";"User";16
"851";"Iabpm";"User";148
"852";"65.51.98.130";"Anon";2
"853";"Odie5533";"User";0
"854";"203.122.243.139";"Anon";7
"855";"84.81.237.38";"Anon";1
"856";"Turaliscool";"User";12
"857";"Bobbo";"User";0
"858";"Kingpin13";"Admin";0
"859";"LittleOldMe";"User";208
"860";"Bongwarrior";"Admin";0
"861";"JohnCD";"User";0
"862";"Brianback";"User";5
"863";"Cmichael";"User";0
"864";"Snowman837";"User";5
"865";"DreamHaze";"User";0
"866";"121.223.180.88";"Anon";1
"867";"58.161.210.14";"Anon";11
"868";"AkhtaBot";"User";2
"869";"169.230.117.64";"Anon";1
"870";"123.2.76.15";"Anon";15
"871";"Gilliam";"Admin";0
"872";"67.197.55.180";"Anon";5
"873";"72.214.42.165";"Anon";16
"874";"Dougofborg";"User";0
"875";"Spitfire";"User";0
"876";"24.222.51.0";"Anon";11
"877";"Madhero88";"User";0
"878";"190.155.9.235";"Anon";0
"879";"75.62.232.8";"Anon";5
"880";"Ipatrol";"User";0
"881";"203.51.50.180";"Anon";29
"882";"65.117.184.146";"Anon";4
"883";"The Thing That Should Not Be";"User";0
"884";"75.191.144.78";"Anon";11
"885";"70.79.205.89";"Anon";1
"886";"Willking1979";"Admin";0
"887";"24.247.89.237";"Anon";0
"888";"86.147.10.8";"Anon";59
"889";"Hmayoral";"User";541
"890";"69.245.186.80";"Anon";2
"891";"Nothingofwater";"User";0
"892";"Twirligig";"User";2
"893";"165.155.192.104";"Anon";4
"894";"152.157.168.43";"Anon";7
"895";"JimVC3";"User";0
"896";"70.58.147.174";"Anon";2
"897";"Bobmcpee";"User";9
"898";"202.156.8.231";"Anon";5
"899";"41.242.158.199";"Anon";92
"900";"Metodicar";"User";2
"901";"204.102.106.95";"Anon";37
"902";"Jamesooders";"User";0
"903";"VI";"User";0
"904";"Philip Trueman";"User";0
"905";"Uncle Dick";"User";0
"906";"74.173.204.109";"Anon";12
"907";"68.62.17.255";"Anon";1
"908";"Theanphibian";"User";4
"909";"124.254.85.17";"Anon";38
"910";"Erik9";"User";0
"911";"Captain-tucker";"User";0
"912";"Tide rolls";"User";0
"913";"82.110.223.30";"Anon";3
"914";"173.52.103.11";"Anon";1
"915";"81.151.22.225";"Anon";36
"916";"202.93.168.93";"Anon";1
"917";"Originalwana";"User";14
"918";"Beagel";"User";1
"919";"71.94.251.141";"Anon";5
"920";"118.82.166.177";"Anon";21
"921";"SieBot";"User";2
"922";"63.232.18.26";"Anon";12
"923";"117.199.4.38";"Anon";13
"924";"Mwilso24";"User";0
"925";"208.95.213.82";"Anon";20
"926";"LovesMacs";"User";0
"927";"66.114.9.237";"Anon";2
"928";"JoeSmack";"User";0
"929";"Nopetro";"User";5
"930";"66.114.9.128";"Anon";2
"931";"66.203.188.74";"Anon";10
"932";"167.128.73.59";"Anon";7
"933";"167.128.73.62";"Anon";22
"934";"167.128.73.66";"Anon";33
"935";"167.128.73.20";"Anon";8
"936";"Phantomsteve";"Admin";0
"937";"206.82.87.53";"Anon";8
"938";"Skarebo";"User";0
"939";"Arakunem";"User";0
"940";"167.128.73.60";"Anon";5
"941";"82.25.101.216";"Anon";0
"942";"71.30.16.85";"Anon";4
"943";"Brian Crawford";"User";0
"944";"131.210.95.73";"Anon";5
"945";"167.128.73.13";"Anon";4
"946";"Cubs197";"User";0
"947";"167.128.73.37";"Anon";4
"948";"167.128.73.26";"Anon";1
"949";"202.158.78.34";"Anon";1
"950";"Maias";"User";2
"951";"Snowmanradio";"User";18
"952";"98.232.239.198";"Anon";31
"953";"Clarabearasarah";"User";5
"954";"Mattisse";"User";15
"955";"97.96.199.231";"Anon";28
"956";"158.35.225.231";"Anon";1
"957";"JimmB";"User";8
"958";"Nick carson";"User";7
"959";"Tranletuhan";"User";1
"960";"89.241.116.155";"Anon";0
"961";"68.4.56.233";"Anon";1
"962";"24.39.42.115";"Anon";22
"963";"72.87.177.69";"Anon";2
"964";"Epipelagic";"User";2
"965";"203.201.136.12";"Anon";11
"966";"82.110.109.166";"Anon";0
"967";"Dj Capricorn";"User";1
"968";"169.139.224.122";"Anon";21
"969";"91.194.220.10";"Anon";19
"970";"Jusdafax";"User";0
"971";"174.89.61.140";"Anon";63
"972";"Misterx2000";"User";4
"973";"60.241.25.43";"Anon";2
"974";"Suffusion of Yellow";"User";0
"975";"202.40.134.2";"Anon";1
"976";"174.112.31.72";"Anon";13
"977";"75.159.61.14";"Anon";1
"978";"Ginsengbomb";"User";0
"979";"69.235.137.100";"Anon";4
"980";"24.15.205.76";"Anon";2
"981";"208.80.74.30";"Anon";7
"982";"99.250.247.110";"Anon";23
"983";"Giraffedata";"User";8
"984";"207.191.18.206";"Anon";1
"985";"167.128.73.80";"Anon";3
"986";"66.185.217.79";"Anon";5
"987";"167.128.73.48";"Anon";1
"988";"90.199.135.132";"Anon";3
"989";"Manuelt15";"User";0
"990";"Bubbletea98";"User";17
"991";"Poiuytrfg";"User";12
"992";"84.45.132.5";"Anon";0
"993";"38.116.202.68";"Anon";1
"994";"207.219.43.34";"Anon";155
"995";"41.151.49.82";"Anon";3
"996";"99.230.117.44";"Anon";12
"997";"OlEnglish";"Admin";2
"998";"Asfarer";"User";3
"999";"210.8.215.219";"Anon";4
"1000";"69.67.90.239";"Anon";1
"1001";"67.127.233.201";"Anon";1
"1002";"JForget";"User";0
"1003";"71.94.249.50";"Anon";3
"1004";"96.252.83.175";"Anon";2
"1005";"69.36.54.210";"Anon";0
"1006";"207.28.45.61";"Anon";1
"1007";"Immunize";"User";0
"1008";"81.96.205.249";"Anon";6
"1009";"IncognitoErgoSum";"User";0
"1010";"70.124.94.181";"Anon";13
"1011";"71.81.139.57";"Anon";0
"1012";"74.235.249.73";"Anon";3
"1013";"Jovianeye";"User";0
"1014";"Cptmurdok";"User";0
"1015";"Calmer Waters";"User";0
"1016";"Tommy2010";"User";0
"1017";"67.172.155.201";"Anon";16
"1018";"A little insignificant";"User";0
"1019";"Ja 62";"User";0
"1020";"206.253.95.5";"Anon";19
"1021";"Pink Bull";"User";0
"1022";"216.124.226.61";"Anon";0
"1023";"82.45.134.178";"Anon";9
"1024";"Zntrip";"User";0
"1025";"209.133.36.142";"Anon";1
"1026";"206.219.159.236";"Anon";10
"1027";"97.78.229.159";"Anon";0
"1028";"Wikipelli";"User";0
"1029";"71.7.90.73";"Anon";19
"1030";"Shadowjams";"User";2
"1031";"206.219.159.65";"Anon";6
"1032";"206.219.159.68";"Anon";7
"1033";"AxelBoldt";"Admin";1
"1034";"75.128.55.71";"Anon";3
"1035";"218.185.78.100";"Anon";0
"1036";"206.219.159.84";"Anon";2
"1037";"206.219.159.237";"Anon";6
"1038";"206.219.159.191";"Anon";7
"1039";"206.219.159.80";"Anon";21
"1040";"206.219.159.78";"Anon";6
"1041";"206.219.159.233";"Anon";1
"1042";"Fumitol";"User";0
"1043";"98.222.51.158";"Anon";0
"1044";"206.219.159.171";"Anon";4
"1045";"24.173.129.30";"Anon";5
"1046";"Mackan79";"User";2
"1047";"76.227.0.146";"Anon";1
"1048";"206.219.157.66";"Anon";2
"1049";"24.248.82.199";"Anon";3
"1050";"184.59.81.139";"Anon";0
"1051";"132.252.173.14";"Anon";9
"1052";"JBW";"Admin";0
"1053";"147.31.184.25";"Anon";26
"1054";"75.112.143.242";"Anon";4
"1055";"129.32.172.227";"Anon";1
"1056";"66.229.65.181";"Anon";1
"1057";"76.191.244.217";"Anon";8
"1058";"Theflyer";"User";12
"1059";"Offenbach";"User";2
"1060";"81.149.246.143";"Anon";4
"1061";"90.235.160.241";"Anon";0
"1062";"63.124.143.10";"Anon";14
"1063";"24.12.187.81";"Anon";0
"1064";"68.84.157.30";"Anon";10
"1065";"Edknol";"User";9
"1066";"Popsup";"User";23
"1067";"70.248.194.110";"Anon";2
"1068";"Drmies";"Admin";0
"1069";"75.66.211.241";"Anon";0
"1070";"65.96.115.31";"Anon";2
"1071";"Sellcott";"User";1
"1072";"Mark Foskey";"User";0
"1073";"AppleMacD";"User";0
"1074";"140.109.226.67";"Anon";12
"1075";"Nomaphi123";"User";15
"1076";"ZbeeblebroxIV";"User";0
"1077";"Emerson7";"User";24
"1078";"Cxbrx";"User";3
"1079";"206.219.157.170";"Anon";5
"1080";"Bkell";"Admin";0
"1081";"207.136.215.59";"Anon";9
"1082";"178.128.107.252";"Anon";0
"1083";"TobeBot";"User";3
"1084";"Natureguy1980";"User";2
"1085";"190.24.95.172";"Anon";13
"1086";"Isola20";"User";4
"1087";"76.76.166.245";"Anon";1
"1088";"74.113.104.62";"Anon";7
"1089";"66.253.169.158";"Anon";0
"1090";"Girlwithgreeneyes";"User";0
"1091";"70.131.107.114";"Anon";6
"1092";"N2e";"User";5
"1093";"80.4.159.1";"Anon";12
"1094";"Pinethicket";"User";2
"1095";"99.194.196.87";"Anon";19
"1096";"64.61.84.71";"Anon";17
"1097";"65.7.189.72";"Anon";4
"1098";"70.181.44.251";"Anon";11
"1099";"Holbi~enwiki";"User";8
"1100";"Aalox";"User";3
"1101";"Tintenfischlein";"User";0
"1102";"207.216.204.9";"Anon";12
"1103";"Mrubin22";"User";98
"1104";"76.2.108.62";"Anon";15
"1105";"173.72.163.7";"Anon";1
"1106";"173.22.220.129";"Anon";27
"1107";"166.102.136.9";"Anon";0
"1108";"Syrthiss";"User";0
"1109";"99.140.230.250";"Anon";21
"1110";"Marybethholleman";"User";54
"1111";"96.231.243.155";"Anon";1
"1112";"Wikid77";"User";36
"1113";"Smokin yall out";"User";3
"1114";"99.65.9.78";"Anon";3
"1115";"75.93.12.225";"Anon";0
"1116";"76.24.17.102";"Anon";102
"1117";"188.36.138.11";"Anon";2
"1118";"24.193.36.227";"Anon";7
"1119";"Xqbot";"Bot";3
"1120";"66.208.121.8";"Anon";9
"1121";"72.75.127.183";"Anon";24
"1122";"173.68.40.223";"Anon";0
"1123";"81.224.47.200";"Anon";1
"1124";"67.80.237.132";"Anon";4
"1125";"207.190.185.254";"Anon";13
"1126";"Turgan";"User";0
"1127";"Jj beast";"User";13
"1128";"Simple Bob";"User";0
"1129";"196.40.8.9";"Anon";7
"1130";"The Grand Rans";"User";0
"1131";"Dragons flight";"User";1
"1132";"24.229.65.24";"Anon";1
"1133";"216.235.232.218";"Anon";6
"1134";"76.24.81.89";"Anon";1
"1135";"Levydav";"User";153
"1136";"193.118.14.205";"Anon";5
"1137";"168.9.37.238";"Anon";38
"1138";"98.218.72.152";"Anon";4
"1139";"209.204.81.151";"Anon";2
"1140";"Nick C";"User";0
"1141";"99.235.51.223";"Anon";0
"1142";"Reconsider the static";"User";0
"1143";"70.184.38.251";"Anon";13
"1144";"98.245.13.121";"Anon";0
"1145";"Hello~enwiki";"User";84
"1146";"Favonian";"Admin";0
"1147";"82.126.178.52";"Anon";30
"1148";"212.44.45.165";"Anon";9
"1149";"Edgarsonneborg";"User";25
"1150";"IronMaidenRocks";"User";4
"1151";"78.146.139.235";"Anon";0
"1152";"138.32.32.166";"Anon";4
"1153";"86.143.5.146";"Anon";9
"1154";"24.63.178.120";"Anon";6
"1155";"173.79.107.48";"Anon";1
"1156";"71.212.199.73";"Anon";0
"1157";"24.126.200.19";"Anon";0
"1158";"173.206.156.105";"Anon";13
"1159";"66.193.200.90";"Anon";137
"1160";"75.84.164.124";"Anon";0
"1161";"67.49.132.203";"Anon";29
"1162";"ArthurBot";"User";4
"1163";"167.128.73.108";"Anon";8
"1164";"173.54.227.74";"Anon";6
"1165";"173.21.140.8";"Anon";0
"1166";"121.72.240.120";"Anon";4
"1167";"174.22.44.23";"Anon";0
"1168";"Blood thir";"User";7
"1169";"Wulfgang~enwiki";"User";2
"1170";"222.64.219.195";"Anon";9
"1171";"76.173.16.68";"Anon";1
"1172";"67.55.16.166";"Anon";11
"1173";"199.164.68.203";"Anon";10
"1174";"Courcelles";"Admin";0
"1175";"Bluerasberry";"User";0
"1176";"65.123.199.210";"Anon";42
"1177";"66.108.134.8";"Anon";6
"1178";"98.92.136.176";"Anon";3
"1179";"AtticusX";"User";3
"1180";"GregorB";"User";7
"1181";"70.88.66.13";"Anon";12
"1182";"12.168.200.38";"Anon";1
"1183";"Oilint";"User";0
"1184";"66.131.184.130";"Anon";15
"1185";"Geni";"Admin";2
"1186";"199.188.45.1";"Anon";5
"1187";"Orphan Wiki";"User";0
"1188";"74.114.172.31";"Anon";9
"1189";"64.213.134.2";"Anon";2
"1190";"69.142.22.38";"Anon";1
"1191";"96.225.94.37";"Anon";5
"1192";"70.90.176.146";"Anon";1
"1193";"98.216.140.43";"Anon";2
"1194";"Natasha1689";"User";26
"1195";"65.35.255.144";"Anon";9
"1196";"99.76.185.47";"Anon";0
"1197";"68.171.231.20";"Anon";5
"1198";"204.81.192.126";"Anon";15
"1199";"208.91.208.35";"Anon";2
"1200";"Seaphoto";"User";0
"1201";"204.81.192.102";"Anon";3
"1202";"72.91.172.90";"Anon";8
"1203";"76.106.133.166";"Anon";109
"1204";"71.63.164.177";"Anon";1
"1205";"Falky";"User";36
"1206";"174.55.2.188";"Anon";280
"1207";"114.76.69.112";"Anon";6
"1208";"CosmicJake";"User";0
"1209";"Paulscrawl";"User";0
"1210";"Speedevil";"User";1
"1211";"Starphi";"User";59
"1212";"99.23.113.19";"Anon";7
"1213";"Meco";"User";27
"1214";"75.141.201.92";"Anon";3
"1215";"71.180.127.196";"Anon";81
"1216";"Pjoseph 98";"User";11
"1217";"Cephlasparks";"User";22
"1218";"Hannes Röst";"User";0
"1219";"201.137.210.207";"Anon";1
"1220";"63.238.52.78";"Anon";8
"1221";"Bmaples";"User";0
"1222";"David Woodward";"User";1
"1223";"58.170.124.55";"Anon";2
"1224";"206.130.211.8";"Anon";31
"1225";"96.55.213.128";"Anon";4
"1226";"Miyagawa";"User";0
"1227";"Evenfiel";"User";521
"1228";"129.118.165.31";"Anon";3
"1229";"94.192.38.247";"Anon";0
"1230";"94.194.83.61";"Anon";2
"1231";"70.159.47.70";"Anon";2
"1232";"FinalRapture";"User";0
"1233";"206.41.89.53";"Anon";21
"1234";"204.38.188.161";"Anon";1
"1235";"204.38.188.157";"Anon";10
"1236";"69.138.232.109";"Anon";0
"1237";"208.7.187.103";"Anon";0
"1238";"24.180.179.103";"Anon";15
"1239";"207.195.79.69";"Anon";1
"1240";"68.151.39.176";"Anon";0
"1241";"174.7.121.186";"Anon";1
"1242";"Elockid";"User";1
"1243";"Bender235";"User";1
"1244";"Hu";"User";18
"1245";"Tinton5";"User";3
"1246";"LucienBOT";"User";2
"1247";"WriterHound";"User";78
"1248";"Rogermw";"User";1
"1249";"Burks88";"User";18
"1250";"204.82.55.187";"Anon";1
"1251";"Yobot";"Bot";12
"1252";"Sphingomonas";"User";140
"1253";"167.128.54.186";"Anon";2
"1254";"99.235.149.80";"Anon";3
"1255";"Johnson487682";"User";16
"1256";"165.124.31.246";"Anon";0
"1257";"DumbBOT";"Bot";0
"1258";"203.100.1.66";"Anon";1
"1259";"JNW";"User";0
"1260";"64.20.195.3";"Anon";42
"1261";"Billtubbs";"User";41
"1262";"Harelx";"User";23
"1263";"66.25.190.17";"Anon";10
"1264";"Wedontneedoil";"User";1
"1265";"TicketMan";"User";0
"1266";"12.185.45.106";"Anon";2
"1267";"70.167.226.24";"Anon";3
"1268";"188.222.214.236";"Anon";3
"1269";"Azimuth1";"User";2
"1270";"173.74.33.152";"Anon";39
"1271";"58.110.69.194";"Anon";4
"1272";"76.170.237.180";"Anon";50
"1273";"Luckas-bot";"User";8
"1274";"Danh";"User";4
"1275";"70.121.32.89";"Anon";1
"1276";"173.63.223.68";"Anon";1
"1277";"70.22.210.29";"Anon";13
"1278";"68.58.218.94";"Anon";2
"1279";"125.236.220.144";"Anon";31
"1280";"E. Ripley";"User";0
"1281";"110.32.224.174";"Anon";3
"1282";"76.107.33.139";"Anon";23
"1283";"174.44.206.186";"Anon";0
"1284";"EmausBot";"Bot";49
"1285";"Semajbobby123456789";"User";18
"1286";"PMDrive1061";"User";0
"1287";"64.251.53.202";"Anon";12
"1288";"62.57.223.202";"Anon";16
"1289";"66.130.158.220";"Anon";1
"1290";"Calathan";"User";0
"1291";"76.186.45.239";"Anon";6
"1292";"Luwilt";"User";1
"1293";"JTSchreiber";"User";239
"1294";"Jamshid33";"User";2
"1295";"168.8.212.131";"Anon";2
"1296";"Ncmvocalist";"User";0
"1297";"Jcarle";"User";16
"1298";"Marcelcarroll";"User";1
"1299";"Jcpalma";"User";27
"1300";"38.98.130.98";"Anon";4
"1301";"Cyrius";"Admin";5
"1302";"38.116.202.215";"Anon";2
"1303";"Aj00200";"User";0
"1304";"Ohlssons";"User";15
"1305";"220.101.28.25";"Anon";0
"1306";"CatJar";"User";3
"1307";"Robnesbitt";"User";17
"1308";"68.184.57.54";"Anon";1
"1309";"77.190.207.210";"Anon";1
"1310";"Xenon2";"User";2
"1311";"98.202.0.246";"Anon";16
"1312";"Computerclass14";"User";17
"1313";"Happysailor";"User";0
"1314";"84user";"User";11
"1315";"Avicennasis";"User";2
"1316";"75.142.152.104";"Anon";1
"1317";"71.132.204.84";"Anon";3
"1318";"83.183.76.192";"Anon";4
"1319";"216.174.135.156";"Anon";12
"1320";"71.28.14.51";"Anon";1
"1321";"4.131.83.19";"Anon";6
"1322";"68.2.111.173";"Anon";0
"1323";"Greco32";"User";0
"1324";"Tp01386";"User";27
"1325";"CutOffTies";"User";0
"1326";"173.18.231.237";"Anon";23
"1327";"Jimkearn";"User";32
"1328";"196.34.250.26";"Anon";1
"1329";"220.255.17.70";"Anon";6
"1330";"169.229.123.161";"Anon";1
"1331";"68.61.176.249";"Anon";599
"1332";"EAlphaBear";"User";2
"1333";"141.212.139.249";"Anon";2
"1334";"Chaan";"User";2
"1335";"82.68.153.36";"Anon";6
"1336";"208.71.79.254";"Anon";11
"1337";"Stickee";"User";0
"1338";"Hamsterlopithecus";"User";5
"1339";"Sopher99";"User";4
"1340";"Lizard617";"User";4
"1341";"68.239.14.2";"Anon";20
"1342";"24.183.53.228";"Anon";1
"1343";"74.143.68.202";"Anon";194
"1344";"WhisperToMe";"Admin";4
"1345";"24.189.174.108";"Anon";11
"1346";"HowardMorland";"User";98
"1347";"91.55.96.174";"Anon";0
"1348";"FrescoBot";"Bot";9
"1349";"209.6.132.147";"Anon";2
"1350";"216.81.80.134";"Anon";0
"1351";"69.125.248.255";"Anon";2
"1352";"124.188.19.22";"Anon";12
"1353";"95.131.110.118";"Anon";3
"1354";"Christian75";"User";6
"1355";"68.198.8.180";"Anon";4
"1356";"Msaizan";"User";17
"1357";"129.230.248.1";"Anon";0
"1358";"Slabree";"User";5
"1359";"Pad0215";"User";0
"1360";"74.111.214.218";"Anon";6
"1361";"The Utahraptor";"User";0
"1362";"65.87.49.118";"Anon";1
"1363";"CinchBug";"User";0
"1364";"FinneJager";"User";6
"1365";"Leo de Beo";"User";4
"1366";"150.176.249.100";"Anon";0
"1367";"Phatom87";"User";52
"1368";"Joe8789";"User";4
"1369";"152.33.52.84";"Anon";16
"1370";"Shirtwaist";"User";4
"1371";"24.107.113.104";"Anon";1
"1372";"Lateg";"User";14
"1373";"173.189.41.213";"Anon";4
"1374";"24.22.213.211";"Anon";0
"1375";"96.37.73.251";"Anon";28
"1376";"99.22.1.37";"Anon";1
"1377";"76.175.147.89";"Anon";37
"1378";"68.173.231.116";"Anon";30
"1379";"209.209.211.147";"Anon";1
"1380";"212.139.244.51";"Anon";11
"1381";"Bart133";"User";0
"1382";"165.24.201.75";"Anon";8
"1383";"69.143.165.9";"Anon";3
"1384";"76.118.170.241";"Anon";0
"1385";"167.80.246.204";"Anon";1
"1386";"Joe Schmedley";"User";30
"1387";"Environment101";"User";37
"1388";"Mandarax";"User";2
"1389";"24.231.191.108";"Anon";1
"1390";"72.23.220.59";"Anon";1
"1391";"207.109.2.216";"Anon";3
"1392";"DonSiano";"User";2
"1393";"115.167.7.215";"Anon";76
"1394";"112.221.35.178";"Anon";0
"1395";"115.167.26.105";"Anon";75
"1396";"66.59.156.141";"Anon";0
"1397";"Littlet1219";"User";14
"1398";"199.193.10.250";"Anon";1
"1399";"76.226.107.178";"Anon";25
"1400";"112.203.227.17";"Anon";3
"1401";"10metreh";"User";0
"1402";"58.170.133.111";"Anon";15
"1403";"114.77.205.198";"Anon";2
"1404";"211.3.154.154";"Anon";0
"1405";"121.73.41.253";"Anon";3
"1406";"Abductive";"User";2
"1407";"64.115.130.66";"Anon";3
"1408";"203.58.8.50";"Anon";1
"1409";"L Kensington";"User";0
"1410";"117.206.36.110";"Anon";2
"1411";"90.211.120.15";"Anon";1
"1412";"88.209.206.176";"Anon";3
"1413";"Iridescent";"Admin";3
"1414";"69.158.28.202";"Anon";20
"1415";"216.159.88.21";"Anon";2
"1416";"Finalius";"User";0
"1417";"EdoDodo";"User";0
"1418";"AlexTheMartian";"User";55
"1419";"Chicagooilscandal";"User";25
"1420";"167.219.88.140";"Anon";4
"1421";"Mike4ty4";"User";3
"1422";"200.6.231.34";"Anon";15
"1423";"FlyingLeopard2014";"User";0
"1424";"Funandtrvl";"User";0
"1425";"220.225.75.251";"Anon";66
"1426";"DASHBot";"User";0
"1427";"68.153.119.80";"Anon";1
"1428";"213.107.102.112";"Anon";4
"1429";"96.38.73.181";"Anon";8
"1430";"Silivrenion";"User";0
"1431";"123.208.111.46";"Anon";31
"1432";"68.191.193.18";"Anon";8
"1433";"Anna Frodesiak";"User";0
"1434";"74.39.243.1";"Anon";19
"1435";"121.223.94.97";"Anon";2
"1436";"74.171.144.253";"Anon";6
"1437";"Bassbasketball03";"User";11
"1438";"38.100.109.3";"Anon";0
"1439";"Theuglygirl123";"User";14
"1440";"Dwayne";"User";0
"1441";"99.99.13.235";"Anon";4
"1442";"70.180.71.127";"Anon";4
"1443";"P Aculeius";"User";1127
"1444";"AnomieBOT";"Bot";31
"1445";"12.53.215.2";"Anon";2
"1446";"74.36.43.215";"Anon";0
"1447";"173.60.102.145";"Anon";1
"1448";"207.157.119.23";"Anon";8
"1449";"Mr. Wick";"User";0
"1450";"190.241.191.82";"Anon";4
"1451";"207.157.35.4";"Anon";40
"1452";"Gert7";"User";0
"1453";"Blehfu";"User";0
"1454";"DARTH SIDIOUS 2";"User";0
"1455";"71.164.194.211";"Anon";1
"1456";"Intelati";"User";0
"1457";"74.175.110.190";"Anon";18
"1458";"78.150.5.175";"Anon";1
"1459";"117.192.205.110";"Anon";2
"1460";"137.1.212.12";"Anon";7
"1461";"71.22.205.154";"Anon";16
"1462";"Tony Webster";"User";0
"1463";"121.45.89.186";"Anon";253
"1464";"Gryllida";"User";0
"1465";"24.98.218.168";"Anon";7
"1466";"76.234.153.24";"Anon";10
"1467";"Ben Moore";"User";0
"1468";"Jeff G.";"User";0
"1469";"65.213.67.34";"Anon";7
"1470";"81.100.244.5";"Anon";1
"1471";"Autoerrant";"User";0
"1472";"74.67.35.170";"Anon";8
"1473";"87.112.175.45";"Anon";7
"1474";"202.153.87.147";"Anon";12113
"1475";"Qwyrxian";"User";0
"1476";"208.31.142.54";"Anon";28
"1477";"DASHBotAV";"User";0
"1478";"69.15.161.162";"Anon";9
"1479";"89.204.196.166";"Anon";52
"1480";"1exec1";"User";0
"1481";"63.133.153.142";"Anon";2
"1482";"Minimac";"User";0
"1483";"71.205.190.93";"Anon";5
"1484";"98.242.201.27";"Anon";13
"1485";"99.237.233.232";"Anon";0
"1486";"99.1.145.57";"Anon";4
"1487";"SpikeToronto";"User";0
"1488";"H3llBot";"Bot";3
"1489";"74.244.18.248";"Anon";16
"1490";"!dea4u";"User";0
"1491";"IGeMiNix";"User";0
"1492";"NetRolller 3D";"User";1
"1493";"108.13.57.238";"Anon";5
"1494";"71.36.62.159";"Anon";5
"1495";"98.163.250.71";"Anon";22
"1496";"66.206.125.2";"Anon";15
"1497";"PM800";"User";0
"1498";"204.169.28.254";"Anon";6
"1499";"Cfwschmidt";"User";0
"1500";"60.241.108.177";"Anon";13
"1501";"75.158.130.77";"Anon";8
"1502";"174.31.211.61";"Anon";27
"1503";"70.51.114.211";"Anon";10
"1504";"97.97.173.33";"Anon";1
"1505";"205.167.142.244";"Anon";7
"1506";"131.247.74.186";"Anon";3
"1507";"M6rr47";"User";2
"1508";"GentlemanGhost";"User";0
"1509";"150.199.195.157";"Anon";41
"1510";"59.164.41.16";"Anon";13
"1511";"212.76.95.194";"Anon";143
"1512";"Reaper Eternal";"User";0
"1513";"66.146.232.1";"Anon";15
"1514";"67.230.207.62";"Anon";2
"1515";"Specs112";"User";0
"1516";"68.193.8.84";"Anon";17
"1517";"Hi878";"User";0
"1518";"Fram";"User";2
"1519";"199.104.216.142";"Anon";1
"1520";"24.21.108.76";"Anon";2
"1521";"Stephen G. Brown";"User";51
"1522";"131.111.184.95";"Anon";5
"1523";"Dibbey";"User";2
"1524";"Azuris";"User";0
"1525";"69.133.53.22";"Anon";3
"1526";"96.25.242.176";"Anon";16
"1527";"216.182.148.249";"Anon";8
"1528";"201.236.73.165";"Anon";38
"1529";"ClueBot NG";"User";0
"1530";"75.139.59.2";"Anon";1
"1531";"24.83.53.170";"Anon";1
"1532";"Snarkosis";"User";9
"1533";"76.175.202.144";"Anon";34
"1534";"Missiledragon";"User";8
"1535";"125.21.211.14";"Anon";0
"1536";"74.12.125.231";"Anon";55
"1537";"Ma8thew";"User";0
"1538";"59.90.141.179";"Anon";3
"1539";"Utcursch";"Admin";0
"1540";"76.236.37.136";"Anon";0
"1541";"Yerpo";"User";2
"1542";"41.224.39.186";"Anon";177
"1543";"205.122.32.178";"Anon";11
"1544";"205.122.32.179";"Anon";2
"1545";"70.76.176.239";"Anon";6
"1546";"70.26.16.26";"Anon";14
"1547";"Mojo Hand";"User";0
"1548";"82.41.161.208";"Anon";0
"1549";"Weldone1234567";"User";0
"1550";"76.189.162.7";"Anon";1
"1551";"Steve2011";"User";3
"1552";"99.248.34.50";"Anon";15
"1553";"76.116.225.163";"Anon";5
"1554";"99.88.187.247";"Anon";1
"1555";"SPQRobin";"User";6
"1556";"66.157.49.119";"Anon";6
"1557";"Fæ";"User";0
"1558";"69.40.3.168";"Anon";18
"1559";"206.210.146.2";"Anon";2
"1560";"Makeemlighter";"User";0
"1561";"74.77.106.173";"Anon";5
"1562";"99.122.82.223";"Anon";5
"1563";"76.190.221.238";"Anon";29
"1564";"169.244.21.34";"Anon";17
"1565";"AlexiusHoratius";"Admin";1
"1566";"75.66.120.168";"Anon";1
"1567";"204.48.0.165";"Anon";0
"1568";"69.248.9.221";"Anon";29
"1569";"207.215.246.237";"Anon";1
"1570";"168.10.29.251";"Anon";3
"1571";"64.60.51.148";"Anon";5
"1572";"76.93.203.60";"Anon";3
"1573";"207.166.19.34";"Anon";14
"1574";"TBloemink";"User";0
"1575";"67.193.60.181";"Anon";2
"1576";"206.219.164.144";"Anon";0
"1577";"206.45.59.206";"Anon";3
"1578";"76.244.78.189";"Anon";1
"1579";"Monty845";"User";0
"1580";"TexasDawg";"User";11
"1581";"70.106.213.242";"Anon";25
"1582";"146.82.104.162";"Anon";6
"1583";"71.186.194.208";"Anon";4
"1584";"207.118.21.254";"Anon";1
"1585";"Nikdum";"User";187
"1586";"72.148.126.157";"Anon";4
"1587";"Shii";"User";0
"1588";"8.28.135.2";"Anon";1
"1589";"161.97.142.17";"Anon";1
"1590";"Ripchip Bot";"User";2
"1591";"205.122.32.38";"Anon";3
"1592";"Philg88";"User";0
"1593";"74.232.37.110";"Anon";2
"1594";"Wilson44691";"User";0
"1595";"Kit kat2141";"User";7
"1596";"Jackerjr";"User";3
"1597";"66.110.140.220";"Anon";1
"1598";"Hohum";"User";54
"1599";"99.242.238.196";"Anon";11
"1600";"RjwilmsiBot";"Bot";12
"1601";"188.28.244.136";"Anon";17
"1602";"67.85.246.136";"Anon";3
"1603";"92.18.48.222";"Anon";1
"1604";"180.95.18.57";"Anon";0
"1605";"Gobonobo";"User";0
"1606";"Mr. watermelon man";"User";3
"1607";"Vegaswikian";"User";0
"1608";"92.235.165.219";"Anon";2
"1609";"Edderso";"User";0
"1610";"115.124.2.50";"Anon";3
"1611";"Headbomb";"User";21
"1612";"82.71.213.137";"Anon";0
"1613";"CommonsDelinker";"Bot";1
"1614";"60.240.151.101";"Anon";0
"1615";"Thirdright";"User";0
"1616";"Deepakmr14";"User";224
"1617";"Baiji";"User";0
"1618";"180.181.88.148";"Anon";20
"1619";"71.237.197.56";"Anon";3
"1620";"59.177.72.140";"Anon";2
"1621";"Tbhotch";"User";0
"1622";"137.219.98.148";"Anon";0
"1623";"120.59.60.52";"Anon";0
"1624";"120.61.35.131";"Anon";173
"1625";"207.165.199.252";"Anon";5
"1626";"Vibhijain";"User";0
"1627";"Kejting";"User";1
"1628";"Pieplzrolyat";"User";5
"1629";"Tad Lincoln";"User";3
"1630";"Helpful Pixie Bot";"User";3
"1631";"86.133.110.132";"Anon";2
"1632";"98.65.189.2";"Anon";1
"1633";"117.202.134.162";"Anon";1
"1634";"139.133.7.11";"Anon";91
"1635";"213.0.252.85";"Anon";1
"1636";"112.211.197.184";"Anon";17
"1637";"86.30.90.138";"Anon";9
"1638";"75.148.37.1";"Anon";7
"1639";"109.148.254.144";"Anon";0
"1640";"69.63.58.183";"Anon";1
"1641";"71.180.62.233";"Anon";21
"1642";"69.142.42.249";"Anon";5
"1643";"Weedwhacker128";"User";0
"1644";"86.17.8.73";"Anon";4
"1645";"82.26.226.197";"Anon";1
"1646";"Mild Bill Hiccup";"User";2
"1647";"81.152.82.115";"Anon";8
"1648";"70.158.103.11";"Anon";54
"1649";"186.45.110.69";"Anon";9
"1650";"Raymondwinn";"User";0
"1651";"90.203.31.111";"Anon";4
"1652";"173.65.202.238";"Anon";31
"1653";"Eugene-elgato";"User";1
"1654";"182.177.235.118";"Anon";0
"1655";"Vrenator";"User";0
"1656";"174.114.236.128";"Anon";1
"1657";"94.30.221.151";"Anon";1
"1658";"216.165.199.135";"Anon";3
"1659";"Marechal Ney";"User";0
"1660";"98.93.155.142";"Anon";4
"1661";"75.41.39.2";"Anon";1
"1662";"120.63.15.132";"Anon";1
"1663";"Arxiloxos";"User";1
"1664";"165.138.41.44";"Anon";34
"1665";"Indyguy";"User";0
"1666";"72.43.169.66";"Anon";4
"1667";"Logan";"User";0
"1668";"142.227.223.80";"Anon";7
"1669";"Achowat";"User";0
"1670";"27.6.17.130";"Anon";1
"1671";"216.56.21.34";"Anon";66
"1672";"Wiki13";"User";0
"1673";"165.24.249.80";"Anon";20
"1674";"66.27.75.39";"Anon";29
"1675";"Jim1138";"User";0
"1676";"69.58.45.100";"Anon";8
"1677";"AbigailAbernathy";"User";0
"1678";"Excirial";"Admin";0
"1679";"24.118.185.114";"Anon";1
"1680";"69.42.5.121";"Anon";0
"1681";"120.60.22.188";"Anon";2
"1682";"Skizzik";"User";0
"1683";"208.108.158.156";"Anon";1
"1684";"38.116.202.69";"Anon";2
"1685";"156.3.63.104";"Anon";6
"1686";"205.235.52.27";"Anon";1
"1687";"Arunsingh16";"User";0
"1688";"99.238.63.125";"Anon";3
"1689";"204.69.115.20";"Anon";0
"1690";"Hshah1998";"User";4
"1691";"182.239.184.49";"Anon";1
"1692";"174.118.153.18";"Anon";2
"1693";"182.255.99.66";"Anon";1
"1694";"Calabe1992";"User";0
"1695";"91.182.240.163";"Anon";1
"1696";"96.55.208.51";"Anon";0
"1697";"208.66.198.180";"Anon";17
"1698";"J36miles";"User";0
"1699";"RA0808";"User";0
"1700";"124.6.181.185";"Anon";11
"1701";"Muon";"User";0
"1702";"96.224.213.38";"Anon";5
"1703";"Grafen";"User";0
"1704";"168.184.222.238";"Anon";1
"1705";"Anonymous01010101";"User";1
"1706";"Djembayz";"User";6
"1707";"142.167.246.125";"Anon";1
"1708";"110.184.196.223";"Anon";14
"1709";"Igna";"User";0
"1710";"66.35.123.192";"Anon";23
"1711";"TyA";"User";0
"1712";"99.247.241.64";"Anon";0
"1713";"Allens";"User";0
"1714";"168.11.60.244";"Anon";14
"1715";"64.22.255.81";"Anon";0
"1716";"76.3.164.250";"Anon";262
"1717";"Rjwilmsi";"User";220
"1718";"192.234.136.20";"Anon";4
"1719";"117.241.64.33";"Anon";0
"1720";"199.176.226.33";"Anon";39
"1721";"173.206.233.205";"Anon";8
"1722";"78.145.225.194";"Anon";1
"1723";"186.19.14.207";"Anon";5
"1724";"12.40.137.18";"Anon";3
"1725";"Lakahata13";"User";2
"1726";"Blethering Scot";"User";0
"1727";"Abraun3";"User";3
"1728";"PlasmaTime";"User";0
"1729";"Snipepwner";"User";0
"1730";"167.93.7.250";"Anon";4
"1731";"157.246.162.106";"Anon";14
"1732";"Nasnema";"User";0
"1733";"64.150.136.141";"Anon";7
"1734";"ContinueWithCaution";"User";0
"1735";"58.166.25.105";"Anon";10
"1736";"Yunshui";"User";0
"1737";"67.208.235.178";"Anon";2
"1738";"Frosted14";"User";0
"1739";"187.160.126.235";"Anon";0
"1740";"Electriccatfish2";"User";0
"1741";"24.186.62.123";"Anon";38
"1742";"2.49.39.50";"Anon";1
"1743";"118.210.205.149";"Anon";9
"1744";"122.107.69.8";"Anon";8
"1745";"Solarra";"User";0
"1746";"192.55.54.40";"Anon";7
"1747";"Rockhuntress";"User";17
"1748";"203.25.195.230";"Anon";2
"1749";"Petrarchan47";"User";207
"1750";"Johnfos";"User";211
"1751";"Lotje";"User";24
"1752";"124.126.142.107";"Anon";25
"1753";"Stephenb";"User";0
"1754";"41.19.15.22";"Anon";1
"1755";"64.39.147.94";"Anon";29
"1756";"168.9.35.22";"Anon";34
"1757";"Mrelephantboyman";"User";9
"1758";"Altaïr";"User";0
"1759";"Akindo01";"User";1
"1760";"Niceguyedc";"User";2
"1761";"Kirsten951533";"User";3
"1762";"198.20.32.250";"Anon";1
"1763";"Stevenmitchell";"User";24
"1764";"177.141.146.125";"Anon";3
"1765";"207.35.163.93";"Anon";3
"1766";"Rsrikanth05";"User";0
"1767";"112.198.79.160";"Anon";0
"1768";"72.186.138.88";"Anon";0
"1769";"Jprg1966";"User";0
"1770";"190.53.110.70";"Anon";5
"1771";"Moe Epsilon";"User";0
"1772";"Download";"User";3
"1773";"201.155.203.18";"Anon";1
"1774";"2.98.97.85";"Anon";1
"1775";"Sammyb123123";"User";43
"1776";"Aatifazeem";"User";11
"1777";"Sperril";"User";0
"1778";"165.234.180.35";"Anon";3
"1779";"27.33.179.46";"Anon";8
"1780";"Lugia2453";"User";0
"1781";"72.38.133.102";"Anon";6
"1782";"209.68.132.10";"Anon";1
"1783";"199.231.178.125";"Anon";3
"1784";"209.175.192.3";"Anon";5
"1785";"50.59.226.237";"Anon";0
"1786";"John of Reading";"User";2
"1787";"66.29.190.30";"Anon";16
"1788";"99.235.114.102";"Anon";1
"1789";"Little green rosetta";"User";0
"1790";"50.98.112.12";"Anon";4
"1791";"Rajat.danger";"User";4
"1792";"Jionpedia";"User";0
"1793";"65.9.14.50";"Anon";7
"1794";"146.145.104.29";"Anon";0
"1795";"209.250.173.202";"Anon";6
"1796";"189.134.107.82";"Anon";9
"1797";"Piandcompany";"User";0
"1798";"92.234.11.10";"Anon";11
"1799";"66.199.38.14";"Anon";9
"1800";"Widr";"Admin";0
"1801";"92.97.87.192";"Anon";1
"1802";"117.208.232.87";"Anon";13
"1803";"71.9.129.37";"Anon";0
"1804";"173.76.68.181";"Anon";16
"1805";"175.156.125.234";"Anon";1
"1806";"Satellizer";"User";0
"1807";"Addbot";"Bot";0
"1808";"Sunray";"User";49
"1809";"201.124.249.167";"Anon";10
"1810";"72.156.194.7";"Anon";1
"1811";"68.104.154.187";"Anon";7
"1812";"41.215.94.39";"Anon";1
"1813";"Widefox";"User";0
"1814";"205.215.175.132";"Anon";1
"1815";"Avoided";"User";0
"1816";"Scwlong";"User";1
"1817";"216.118.139.67";"Anon";1
"1818";"206.219.149.197";"Anon";13
"1819";"70.53.228.39";"Anon";2
"1820";"Webclient101";"User";0
"1821";"70.88.85.1";"Anon";0
"1822";"Yintan";"User";0
"1823";"99.9.102.77";"Anon";1
"1824";"Pratyya Ghosh";"User";0
"1825";"195.246.109.20";"Anon";1
"1826";"Noq";"User";0
"1827";"165.138.249.253";"Anon";10
"1828";"50.134.180.86";"Anon";317
"1829";"86.97.139.180";"Anon";0
"1830";"Graphium";"User";0
"1831";"83.60.94.74";"Anon";24
"1832";"GravityUp";"User";0
"1833";"Reify-tech";"User";2
"1834";"Hmrox";"User";0
"1835";"216.194.35.107";"Anon";20
"1836";"64.88.18.36";"Anon";8
"1837";"MusikAnimal";"Admin";0
"1838";"188.96.178.112";"Anon";4
"1839";"217.33.159.66";"Anon";8
"1840";"28bot";"User";0
"1841";"121.217.2.28";"Anon";2
"1842";"195.134.41.194";"Anon";2
"1843";"121.79.195.70";"Anon";13
"1844";"Beland";"Admin";132
"1845";"188.141.14.152";"Anon";25
"1846";"182.64.7.21";"Anon";20
"1847";"Andrewpmk";"User";0
"1848";"K7L";"User";2
"1849";"BG19bot";"Bot";8
"1850";"98.172.78.154";"Anon";37
"1851";"CensoredScribe";"User";23
"1852";"Reatlas";"User";28
"1853";"86.171.58.210";"Anon";10
"1854";"120.60.143.69";"Anon";1
"1855";"RobertEves92";"User";0
"1856";"Coatface";"User";14
"1857";"216.124.79.6";"Anon";2
"1858";"Petrb";"User";0
"1859";"112.198.77.13";"Anon";169
"1860";"204.154.122.154";"Anon";1
"1861";"Littledmanic";"User";10
"1862";"120.150.124.87";"Anon";3
"1863";"Donner60";"User";0
"1864";"164.92.9.26";"Anon";56
"1865";"122.164.104.95";"Anon";1
"1866";"184.151.63.169";"Anon";0
"1867";"64.186.126.74";"Anon";2
"1868";"Amandacariip";"User";385
"1869";"96.35.145.30";"Anon";13
"1870";"24.42.242.87";"Anon";1
"1871";"119.235.52.206";"Anon";2
"1872";"IronGargoyle";"Admin";0
"1873";"76.123.6.97";"Anon";15
"1874";"Mark Arsten";"User";0
"1875";"K6ka";"Admin";0
"1876";"Mtcgold";"User";4
"1877";"174.114.177.33";"Anon";2
"1878";"Bgwhite";"User";0
"1879";"66.4.9.202";"Anon";4
"1880";"88.98.69.221";"Anon";59
"1881";"67.22.78.195";"Anon";18
"1882";"Josh3580";"User";0
"1883";"80.42.157.10";"Anon";5
"1884";"123.255.46.245";"Anon";4
"1885";"Marickaburke";"User";68
"1886";"50.202.176.131";"Anon";3
"1887";"Slazenger";"User";0
"1888";"67.77.41.65";"Anon";6
"1889";"86.47.16.49";"Anon";361
"1890";"40.134.161.43";"Anon";0
"1891";"ȸ";"User";3
"1892";"78.101.4.57";"Anon";1
"1893";"CombatWombat42";"User";0
"1894";"RXG TDA";"User";13
"1895";"169.204.192.22";"Anon";1
"1896";"Nicoatxo";"User";20
"1897";"216.196.204.110";"Anon";10
"1898";"Rrburke";"User";0
"1899";"204.78.76.73";"Anon";4
"1900";"207.144.99.104";"Anon";15
"1901";"190.108.66.211";"Anon";8
"1902";"Crappycrap2003";"User";1
"1903";"199.185.67.238";"Anon";1
"1904";"75.67.196.1";"Anon";1
"1905";"G S Palmer";"User";0
"1906";"Evabryn";"User";17
"1907";"50.200.216.82";"Anon";22
"1908";"69.126.29.162";"Anon";1
"1909";"J 1982";"User";1
"1910";"92.251.133.92";"Anon";7
"1911";"Demoniccathandler";"User";19
"1912";"Newtocambridge";"User";1
"1913";"68.44.67.172";"Anon";12
"1914";"Hariehkr";"User";54
"1915";"Jizzburgerunited";"User";4
"1916";"Mean as custard";"User";0
"1917";"Smalljim";"Admin";0
"1918";"23.25.222.145";"Anon";39
"1919";"112.198.82.39";"Anon";3
"1920";"203.115.28.190";"Anon";1
"1921";"HiLo48";"User";0
"1922";"123.237.131.217";"Anon";1
"1923";"67.208.188.142";"Anon";20
"1924";"Yamaguchi先生";"Admin";2
"1925";"198.102.153.1";"Anon";4
"1926";"210.18.192.14";"Anon";4
"1927";"203.100.8.4";"Anon";0
"1928";"Phaldistimus";"User";2
"1929";"96.11.13.229";"Anon";2
"1930";"96.11.13.230";"Anon";3
"1931";"96.11.13.227";"Anon";1
"1932";"Krano";"User";0
"1933";"96.36.104.238";"Anon";3
"1934";"97.97.181.14";"Anon";12
"1935";"Justin.gazzola";"User";43
"1936";"Materialscientist";"Admin";0
"1937";"115.244.239.131";"Anon";1
"1938";"KevM";"User";0
"1939";"FiredanceThroughTheNight";"User";19
"1940";"173.150.198.62";"Anon";448
"1941";"Frosty";"User";0
"1942";"108.122.76.235";"Anon";5
"1943";"173.150.238.16";"Anon";0
"1944";"2.26.167.104";"Anon";1
"1945";"Flyer22 Frozen";"User";0
"1946";"199.235.105.17";"Anon";10
"1947";"194.118.208.62";"Anon";19
"1948";"This lousy T-shirt";"User";0
"1949";"207.119.160.3";"Anon";1
"1950";"I dream of horses";"User";0
"1951";"Jadon0827";"User";2
"1952";"76.65.21.102";"Anon";10
"1953";"Pepper";"User";0
"1954";"EricaLhern";"User";1
"1955";"96.24.54.212";"Anon";3
"1956";"170.158.82.103";"Anon";1
"1957";"193.17.67.1";"Anon";15
"1958";"DivineAlpha";"User";0
"1959";"217.192.94.163";"Anon";7
"1960";"AKS.9955";"User";0
"1961";"151.188.105.203";"Anon";2
"1962";"172.56.29.104";"Anon";23
"1963";"71.15.227.10";"Anon";2
"1964";"202.8.243.193";"Anon";15
"1965";"Babitaarora";"User";0
"1966";"2601:9:680:D70:B84B:8441:CD00:E8ED";"Anon";18
"1967";"Majora4";"User";0
"1968";"203.56.0.254";"Anon";72
"1969";"Amaury";"User";0
"1970";"101.165.45.199";"Anon";8
"1971";"82.163.78.77";"Anon";1
"1972";"82.163.78.39";"Anon";21
"1973";"50.249.204.21";"Anon";21
"1974";"Stesmo";"User";0
"1975";"Collapsedlight";"User";0
"1976";"Uruiamme";"User";12
"1977";"178.153.92.75";"Anon";10
"1978";"50.44.35.196";"Anon";0
"1979";"32.216.147.44";"Anon";0
"1980";"132.229.98.157";"Anon";96
"1981";"Catlemur";"User";33
"1982";"50.44.46.247";"Anon";9
"1983";"70.184.92.12";"Anon";0
"1984";"Winner 42";"User";0
"1985";"3 of Diamonds";"User";0
"1986";"63.116.236.2";"Anon";29
"1987";"67.169.162.24";"Anon";0
"1988";"DemocraticLuntz";"User";0
"1989";"130.245.197.81";"Anon";1
"1990";"CuriousMind01";"User";21
"1991";"47.55.23.24";"Anon";3
"1992";"205.202.240.170";"Anon";27
"1993";"96.49.244.38";"Anon";7
"1994";"108.206.134.180";"Anon";30
"1995";"165.120.79.8";"Anon";1
"1996";"162.252.63.105";"Anon";11
"1997";"Lilmiscutey";"User";10
"1998";"Meow10811";"User";14
"1999";"Chris the speller";"User";1
"2000";"207.195.44.218";"Anon";7
"2001";"217.179.199.89";"Anon";3
"2002";"Food artisan";"User";0
"2003";"Rottenmadness";"User";5
"2004";"Rottenshow";"User";6
"2005";"Boundarylayer";"User";5
"2006";"78.19.72.180";"Anon";5
"2007";"Cyberbot II";"User";37
"2008";"110.55.2.136";"Anon";10
"2009";"SchreiberBike";"User";1
"2010";"Macaroni Peep";"User";10
"2011";"73.207.143.34";"Anon";23
"2012";"JJMC89";"Admin";0
"2013";"173.209.108.154";"Anon";13
"2014";"Jonathan19098";"User";6
"2015";"120.88.34.144";"Anon";1
"2016";"1.39.51.30";"Anon";0
"2017";"Vallyjain";"User";7
"2018";"2601:601:400:3D70:2C41:6B63:BF22:B23A";"Anon";2
"2019";"NYBrook098";"User";0
"2020";"DKATyler";"User";2
"2021";"24.42.243.60";"Anon";35
"2022";"117.197.29.133";"Anon";0
"2023";"117.197.25.40";"Anon";14
"2024";"76.9.57.99";"Anon";6
"2025";"Bentogoa";"User";0
"2026";"173.76.127.162";"Anon";26
"2027";"163.150.137.104";"Anon";1
"2028";"Kieransteeves";"User";2
"2029";"Ronjukhan";"User";132
"2030";"77.56.53.183";"Anon";1
"2031";"1.39.39.2";"Anon";1
"2032";"92.14.77.171";"Anon";1
"2033";"167.217.31.250";"Anon";13
"2034";"167.217.30.24";"Anon";8
"2035";"92.98.77.104";"Anon";18
"2036";"108.0.181.226";"Anon";1
"2037";"Vexations";"User";0
"2038";"66.96.66.162";"Anon";16
"2039";"31.15.38.96";"Anon";1
"2040";"David.moreno72";"User";0
"2041";"DVdm";"User";0
"2042";"178.153.73.32";"Anon";2
"2043";"Serols";"User";0
"2044";"Sally123h";"User";44
"2045";"Dcirovic";"User";0
"2046";"2601:1C2:E01:2900:9D06:9344:6364:3076";"Anon";4
"2047";"Lazylaces";"User";0
"2048";"Yuomamm";"User";39
"2049";"195.221.251.35";"Anon";22
"2050";"81.135.42.27";"Anon";0
"2051";"Cschoch";"User";1
"2052";"206.219.162.132";"Anon";20
"2053";"Lemondoge";"User";7
"2054";"119.18.47.107";"Anon";15
"2055";"205.126.15.197";"Anon";2
"2056";"R'n'B";"Admin";2
"2057";"64.90.19.82";"Anon";1
"2058";"2602:306:BDFA:AF40:3DCC:B332:3026:9C8A";"Anon";6
"2059";"220.253.211.113";"Anon";9
"2060";"Dps04";"User";0
"2061";"Mbmars";"User";58
"2062";"173.188.156.242";"Anon";2
"2063";"Vaselineeeeeeee";"User";0
"2064";"Timothy Beck of Torrance";"User";20
"2065";"GreenC bot";"User";38
"2066";"147.188.128.176";"Anon";18
"2067";"203.87.129.151";"Anon";1
"2068";"InternetArchiveBot";"Bot";50
"2069";"203.173.195.68";"Anon";1
"2070";"101.182.68.254";"Anon";4
"2071";"74.36.103.230";"Anon";0
"2072";"153.20.95.84";"Anon";41
"2073";"Jackfork";"User";0
"2074";"217.73.197.178";"Anon";2
"2075";"217.165.93.70";"Anon";3
"2076";"24.43.65.44";"Anon";1
"2077";"NQ";"User";0
"2078";"24.239.142.184";"Anon";12
"2079";"DavidLeighEllis";"User";0
"2080";"165.206.120.98";"Anon";22
"2081";"Teacherhelp32423";"User";4
"2082";"Awjlogan";"User";0
"2083";"98.250.235.170";"Anon";59
"2084";"184.151.37.166";"Anon";6
"2085";"182.65.93.83";"Anon";2
"2086";"Sjö";"User";0
"2087";"206.125.41.135";"Anon";0
"2088";"Marianna251";"User";0
"2089";"81.128.146.120";"Anon";0
"2090";"Mdriscoll03";"User";97
"2091";"209.250.178.122";"Anon";16
"2092";"2.126.249.146";"Anon";1
"2093";"Hiimcoolinaway";"User";5
"2094";"109.83.16.158";"Anon";3
"2095";"HaeB";"User";0
"2096";"Tesla400";"User";0
"2097";"Neptuunium";"User";0
"2098";"69.54.57.166";"Anon";28
"2099";"Olision889";"User";0
"2100";"Entranced98";"User";0
"2101";"Randy Kryn";"User";16
"2102";"72.70.22.16";"Anon";33
"2103";"162.230.7.27";"Anon";9
"2104";"182.71.179.6";"Anon";1
"2105";"Monkbot";"Bot";58
"2106";"168.184.242.255";"Anon";1
"2107";"152.52.21.227";"Anon";37
"2108";"Kssaditya";"User";38
"2109";"2605:E000:AD0B:2E00:196E:E789:DBA9:BD2F";"Anon";16
"2110";"Espmstudent";"User";25
"2111";"217.115.48.172";"Anon";1
"2112";"173.251.109.133";"Anon";1
"2113";"Tompop888";"User";0
"2114";"66.85.41.38";"Anon";26
"2115";"2600:1012:B10D:791A:D889:A07E:608A:DF78";"Anon";6
"2116";"Bender the Bot";"User";5
"2117";"24.113.168.98";"Anon";1
"2118";"193.236.85.113";"Anon";21
"2119";"70.251.179.114";"Anon";18
"2120";"S53128";"User";4
"2121";"PeteGaughan";"User";39
"2122";"115.249.106.163";"Anon";5
"2123";"Alexcraftedwre";"User";14
"2124";"199.43.174.115";"Anon";18
"2125";"64.125.144.10";"Anon";5
"2126";"76.71.65.70";"Anon";19
"2127";"153.104.35.217";"Anon";15
"2128";"Oshwah";"Admin";0
"2129";"209.136.225.254";"Anon";8
"2130";"Lllllooooooooolllllllllll6969";"User";63
"2131";"GeneralizationsAreBad";"Admin";0
"2132";"2602:306:37E9:C820:8897:50C0:4751:C2DB";"Anon";0
"2133";"Rthhjnffgggjh";"User";24
"2134";"C.Fred";"Admin";0
"2135";"Raritydash";"User";1
"2136";"ZappaOMatic";"User";22
"2137";"Whooodini1";"User";3
"2138";"Trooper1005";"User";0
"2139";"Lilyyeqing";"User";373
"2140";"50.243.49.1";"Anon";4
"2141";"CLCStudent";"User";0
"2142";"GuitarMaster123456";"User";4
"2143";"LuK3";"Admin";0
"2144";"Magioladitis";"User";7
"2145";"156.3.55.79";"Anon";1
"2146";"DavidBrooks";"User";0
"2147";"71.94.151.183";"Anon";3
"2148";"PackMecEng";"User";0
"2149";"72.48.201.79";"Anon";1
"2150";"Felicia777";"User";0
"2151";"171.79.30.35";"Anon";39
"2152";"50.205.133.141";"Anon";27
"2153";"Contributor8989";"User";29
"2154";"108.48.171.156";"Anon";4
"2155";"101.100.129.199";"Anon";13
"2156";"Onel5969";"User";3
"2157";"The Rejector";"User";9
"2158";"Bishonen";"Admin";0
"2159";"68.186.192.127";"Anon";4
"2160";"NewEnglandYankee";"User";0
"2161";"Calebwhohasanewphone";"User";3
"2162";"Boooooooooooii";"User";12
"2163";"72";"User";0
"2164";"67.8.30.204";"Anon";6
"2165";"JCW-CleanerBot";"Bot";11
"2166";"Red Star 777";"User";16
"2167";"39.48.7.37";"Anon";2
"2168";"LakesideMiners";"User";0
"2169";"Klbrain";"User";25
"2170";"70.63.58.235";"Anon";2
"2171";"Shellwood";"User";0
"2172";"112.208.18.53";"Anon";1
"2173";"Trosik";"User";19
"2174";"2405:204:734D:827D:3937:369F:A83D:9450";"Anon";1
"2175";"2601:586:101:71F0:D481:F2B3:8DC2:9965";"Anon";3
"2176";"Jsallusto";"User";334
"2177";"121.54.185.17";"Anon";0
"2178";"192.186.91.130";"Anon";0
"2179";"72.235.14.209";"Anon";3
"2180";"216.16.214.51";"Anon";2
"2181";"170.72.8.156";"Anon";2
"2182";"67.164.109.102";"Anon";5
"2183";"El C";"User";0
"2184";"Violetriga";"User";2
"2185";"85.76.46.164";"Anon";0
"2186";"Eagleash";"User";4
"2187";"187.188.214.95";"Anon";1
"2188";"218.212.43.60";"Anon";1
"2189";"64.125.177.220";"Anon";41
"2190";"216.200.134.44";"Anon";1
"2191";"Dane";"User";0
"2192";"Glpinagelpinagel";"User";72
"2193";"Bailey halifax";"User";3
"2194";"Flooded with them hundreds";"User";0
"2195";"2402:3A80:87E:C554:0:50:12CE:7701";"Anon";595
"2196";"Anthony Campello";"User";10
"2197";"SemiHypercube";"User";0
"2198";"80.42.104.138";"Anon";1
"2199";"DeprecatedFixerBot";"Bot";5
"2200";"OAbot";"Bot";4
"2201";"205.159.86.10";"Anon";1
"2202";"Waterbottleflips77";"User";38
"2203";"Theapoorvasingh";"User";1
"2204";"Kalli navya";"User";18
"2205";"Donald Albury";"User";0
"2206";"217.180.33.2";"Anon";10
"2207";"Jsnsjsnsm";"User";2
"2208";"Dolfinz1972";"User";0
"2209";"217.180.33.5";"Anon";54
"2210";"2601:188:180:11F0:65F5:930C:B0B2:CD63";"Anon";0
"2211";"27.5.239.73";"Anon";11
"2212";"Danski454";"User";0
"2213";"92.251.170.15";"Anon";1
"2214";"175.143.55.25";"Anon";3
"2215";"KH-1";"User";0
"2216";"72.185.130.102";"Anon";4
"2217";"207.189.227.118";"Anon";1
"2218";"172.81.79.13";"Anon";11
"2219";"204.152.155.148";"Anon";1
"2220";"HickoryOughtShirt?4";"Admin";0
"2221";"63.233.210.98";"Anon";6
"2222";"Didksk";"User";7
"2223";"Sam Hnri";"User";0
"2224";"Zylstra";"User";41
"2225";"190.104.236.194";"Anon";3
"2226";"42.109.147.178";"Anon";2
"2227";"34.229.255.61";"Anon";5
"2228";"Code Zero";"User";0
"2229";"Jebcubed";"User";2
"2230";"Ybravura";"User";73
"2231";"86.98.87.243";"Anon";22
"2232";"Boothsift";"User";0
"2233";"GreekDressing";"User";65
"2234";"138.87.133.15";"Anon";52
"2235";"138.87.133.14";"Anon";34
"2236";"138.87.133.1";"Anon";3
"2237";"138.87.133.7";"Anon";21
"2238";"The Herald";"User";0
"2239";"Tmooooooo";"User";23
"2240";"138.87.133.2";"Anon";28
"2241";"Jimkna1";"User";4
"2242";"Jauerback";"Admin";1
"2243";"Spintendo";"User";0
"2244";"KolbertBot";"Bot";5
"2245";"Girth Summit";"User";0
"2246";"2405:204:A001:BE0D:0:0:2958:80AC";"Anon";0
"2247";"Citation bot";"User";129
"2248";"116.12.61.179";"Anon";1
"2249";"Ealdgyth";"Admin";62
"2250";"122.176.235.211";"Anon";15
"2251";"2601:246:800:AF20:2477:6D61:7713:F11E";"Anon";20
"2252";"Eurodyne";"User";0
"2253";"69.112.232.229";"Anon";5
"2254";"Thegreatluigi";"User";0
"2255";"Trappist the monk";"User";3
"2256";"2A02:C7D:761E:5200:F43C:4C72:723D:61A8";"Anon";1
"2257";"Anthony.presley010577";"User";21
"2258";"Samf4u";"User";0
"2259";"AntiCedros";"User";0
"2260";"Aboideau";"User";0
"2261";"149.172.159.80";"Anon";3
"2262";"Horst Hof";"User";0
"2263";"2601:282:4001:4717:7528:9B0E:F579:2776";"Anon";17
"2264";"Canucklehead";"User";0
"2265";"174.76.113.111";"Anon";9
"2266";"63.142.37.138";"Anon";4
"2267";"2600:6C52:7200:F03:9883:1AF1:10C9:9549";"Anon";3
"2268";"PohranicniStraze";"User";0
"2269";"117.195.224.33";"Anon";1
"2270";"5.32.57.106";"Anon";0
"2271";"Climatewarrior124";"User";14
"2272";"Slimeboy6001";"User";6
"2273";"216.167.254.18";"Anon";1
"2274";"John B123";"User";4
"2275";"Artoria2e5";"User";27
"2276";"35.138.233.95";"Anon";6
"2277";"Wtmitchell";"Admin";0
"2278";"Eyer";"User";0
"2279";"Larry Hockett";"User";0
"2280";"Freight hopper";"User";1
"2281";"169.199.168.242";"Anon";1
"2282";"2601:147:C301:A80:3588:B6AC:90CF:9D46";"Anon";48
"2283";"2601:5CC:8301:FD00:FC64:8A97:28DA:D40F";"Anon";0
"2284";"PauloMSimoes";"User";4
"2285";"2607:FEA8:3D00:4A3:7182:2975:58BF:E07D";"Anon";4
"2286";"Jkrajr";"User";7
"2287";"Muffin of the English";"User";0
"2288";"Environ14";"User";57
"2289";"Niwde21";"User";17
"2290";"24.244.248.13";"Anon";59
"2291";"Eostrix";"User";0
"2292";"ToBeFree";"Admin";0
"2293";"185.102.16.37";"Anon";1
"2294";"Tymon.r";"User";0
"2295";"Bibliothecamex";"User";35
"2296";"Rsjaffe";"User";0
"2297";"Jarble";"User";2
"2298";"Danimations";"User";151
"2299";"109.77.195.197";"Anon";2
"2300";"2A02:8108:52BF:F9C8:9113:8F49:1472:75F9";"Anon";14
"2301";"88.201.0.159";"Anon";1
"2302";"Érico";"User";0
"2303";"2A02:C7D:AFA5:E000:7CDB:1679:2B72:4ADA";"Anon";1
"2304";"12.236.138.174";"Anon";4
"2305";"185.30.73.229";"Anon";18
"2306";"Quebec99";"User";123
"2307";"5.179.80.200";"Anon";1
"2308";"134.41.140.127";"Anon";3
"2309";"106.67.18.80";"Anon";3
"2310";"92.23.125.230";"Anon";0
"2311";"2401:4900:45DD:7CA6:642F:EF9E:16DB:1A5C";"Anon";1
"2312";"Blablubbs";"Admin";0
"2313";"Graywalls";"User";0
"2314";"49.144.198.74";"Anon";68
"2315";"Oronsay";"User";7
"2316";"RandomHearts";"User";20
"2317";"Lillian Santiago";"User";173
"2318";"P,TO 19104";"User";0
"2319";"2600:1700:A0C1:6500:E469:E3E8:AA25:B6E0";"Anon";1
"2320";"Keith D";"User";5
"2321";"Khloe Bear";"User";8
"2322";"76.23.44.134";"Anon";43
"2323";"Susmuffin";"User";0
"2324";"PopePompus";"User";0
"2325";"QuietHere";"User";1
"2326";"2.30.228.203";"Anon";0
"2327";"Dylsss";"User";0
"2328";"119.236.164.64";"Anon";1
"2329";"Hulged";"User";0
"2330";"103.206.135.203";"Anon";1
"2331";"Reid 0880";"User";5
"2332";"2603:8080:6300:1B:2D2D:8F1C:DBB5:B4F9";"Anon";9
"2333";"2A02:8071:8191:7300:E1DB:CEA4:563A:C39B";"Anon";3
"2334";"SunDawn";"User";0
"2335";"79.76.23.83";"Anon";8
"2336";"Incagnito";"User";0
"2337";"HelenDegenerate";"User";0
"2338";"117.196.82.5";"Anon";8
"2339";"69.158.119.151";"Anon";0
"2340";"Xstoe";"User";0
"2341";"170.199.25.231";"Anon";6
"2342";"Joerg Straeussler";"User";9
"2343";"Beritas";"User";972
"2344";"EmmaSW";"User";948
"2345";"ZaniGiovanni";"User";3
"2346";"WikiCleanerBot";"Bot";1
"2347";"EMsmile";"User";3
"2348";"Jamzze";"User";2
"2349";"Normal Name";"User";4
"2350";"Iridescent 2";"User";10
"2351";"97.89.116.230";"Anon";30
"2352";"Hyun01";"User";9
